source1_entity_id	candidate_entity_ids
S1-102847291	S3-810108097,S2-862435993,S3-600418036,S2-853578683,S2-456952016,S2-283264445,S2-235829911,S3-689205085,S2-765689508,S2-793082753,S2-146545453,S3-812853393,S3-155795126,S2-572406967,S3-478490624,S3-527612989,S2-819310622,S3-9842107,S2-803209671,S3-330359437,S3-482581656,S3-716768106,S2-214168322,S3-394633347,S3-743729368,S3-389257885,S3-232385421,S3-286018627,S3-864360820,S2-852042207,S2-750801102,S2-46119598,S2-600460285,S2-127971493,S2-767658445,S2-596368087,S2-858333878,S3-106514182,S3-358432918,S3-976674051
S1-103138354	S2-266529850,S3-282321912,S3-742570614,S2-598312557,S3-372085852,S2-127755733,S3-657919288,S3-691294985,S3-442566277,S3-593500151,S2-867346039,S3-326018425,S2-476468994,S2-609571259,S3-643531990,S2-378846408,S2-198008021,S3-421753436,S2-429414207,S3-535444031,S3-46611218,S2-153022216,S3-116557348,S3-197819529,S2-823489243,S2-277168615,S3-940611620,S3-919632385,S2-411773002,S3-630998672,S2-990903288,S2-578484139,S3-130482982,S2-234992726,S2-768679434,S3-518430580,S3-20479494,S2-347507840,S2-558638291,S2-977110544
S1-104317115	S2-947896922,S3-841734573,S3-542159634,S2-908079681,S3-52817413,S3-515717408,S3-257698168,S3-593500151,S3-61963480,S3-59736918,S3-220702244,S3-688194826,S3-9842107,S2-336821634,S2-376908945,S2-393902595,S3-96795509,S2-663700902,S2-102958975,S3-358432918,S2-589730625,S3-825917420,S3-245921597,S2-424599024,S2-647447093,S2-775523121,S3-336697476,S2-813365169,S3-22088661,S2-46119598,S3-231099763,S3-891899299,S2-469081581,S2-102506722,S2-321067876,S3-217039093,S2-501534718,S3-158901285,S3-329012794,S3-315595058
S1-105001584	S2-704784114,S2-673317537,S3-275013845,S3-760959067,S2-758493682,S2-357438552,S2-934716922,S2-582539737,S3-683741745,S3-619003652,S3-316195809,S2-972087927,S3-693984318,S2-574723490,S2-463756409,S3-166269529,S3-391823164,S2-459485143,S3-501061754,S2-177873237,S3-382328733,S2-77137709,S2-51615186,S3-674330070,S3-621025700,S3-749350856,S2-388192690,S2-412565852,S3-516547599,S2-240202044,S2-682586639,S2-232181140,S2-634395262,S2-583840796,S2-940559356,S2-214955076,S2-451932282,S2-275369766,S2-787040456,S2-471800381
S1-106130112	S2-269915770,S3-445543631,S2-127755733,S2-245878292,S2-187095631,S3-916140155,S3-286512684,S3-827776680,S3-677098350,S2-663959226,S3-802908214,S3-421753436,S3-738758511,S2-962455440,S2-439055696,S2-539204540,S3-100799892,S3-148974528,S2-168699267,S2-737024848,S2-543939410,S3-190239742,S3-768772995,S2-257520714,S2-252641622,S2-823489243,S3-506705579,S2-300060087,S2-168132027,S3-282321912,S3-568974033,S3-474850204,S2-240202044,S2-550625611,S2-92128471,S3-760959067,S3-604481428,S2-147498899,S2-378846408,S2-395671932
S1-106407869	S2-980552823,S2-411773002,S2-471712099,S3-776030941,S2-206048699,S2-972087927,S2-559669701,S2-342655156,S3-150322987,S2-292165524,S3-741835199,S3-812853393,S2-809665812,S3-593556662,S2-164709711,S2-734979295,S2-303061871,S2-534182089,S2-583840796,S3-448698808,S3-100799892,S3-331873108,S2-690368889,S3-7528752,S2-324947743,S3-221443476,S2-536451479,S3-179214561,S2-880373574,S2-248821054,S2-715963433,S3-989976791,S3-372085852,S2-700195651,S3-442566277,S2-400190057,S2-699920476,S2-558638291,S3-549513530,S3-124578688
S1-111296778	S3-450367692,S2-726058757,S3-326018425,S3-989617472,S3-488679255,S2-484457398,S2-412565852,S2-911375648,S3-631466617,S2-838274938,S3-797598442,S3-827776680,S3-644424345,S3-628663985,S3-99392192,S2-388192690,S3-130482982,S2-409717420,S2-240202044,S3-657235525,S3-416247723,S2-650640716,S2-637391186,S2-214494222,S2-232181140,S2-416493275,S2-977110544,S2-938316135,S2-395671932,S2-68759678,S2-583840796,S2-426549931,S3-999913674,S2-682253147,S2-714953620,S2-974757357,S2-400180614,S2-559669701,S2-631174413,S2-836553957
S1-111694025	S2-591078525,S2-705903019,S3-23492958,S2-648203570,S2-974146456,S2-473992508,S3-691294985,S3-743187888,S3-852035874,S3-937791576,S2-719452345,S2-858333878,S2-336500242,S2-182986806,S2-450192914,S3-349679455,S3-236881445,S3-623589664,S2-218619721,S2-938169179,S2-233626843,S2-956952534,S3-68321827,S3-391823164,S2-459485143,S2-56939673,S3-940611620,S3-367727512,S3-907381535,S2-220756381,S3-231099763,S3-934577839,S2-334939365,S3-180087778,S3-810888025,S2-847938260,S3-532782484,S2-872599903,S3-717745791,S3-736148715
S1-11379912	S2-539053905,S2-940559356,S2-750470469,S2-805826813,S3-969662978,S2-868579348,S3-80840290,S2-870175950,S2-388543405,S3-657235525,S2-240202044,S3-742570614,S3-857176159,S2-589083365,S2-938316135,S3-191731437,S3-695341943,S3-339481146,S2-534182089,S2-583840796,S2-701289183,S2-463756409,S3-437591401,S3-445101009,S2-974757357,S2-471800381,S2-123684620,S2-199280788,S2-836553957,S2-254413757,S3-69683574,S2-205836707,S2-262622446,S2-966023861,S3-76098836,S3-894084902
S1-119248132	S2-990903288,S2-328922214,S3-777418870,S3-448349907,S2-483583787,S3-532782484,S3-268657388,S3-311994839,S3-358432918,S2-770493466,S3-979560154,S2-553131106,S3-947130259,S3-740622432,S2-622752249,S2-657508123,S2-686535448,S3-399526928,S3-888634508,S3-355506507,S2-289373702,S3-115390426,S2-682253147,S2-7365596,S2-508597312,S2-431261713,S2-804364266,S3-127741306,S3-452650129,S2-146021424,S2-86010362,S3-61231549,S2-526493060,S3-773911112,S2-46119598,S2-744323706,S2-292567038,S2-501534718,S2-537184954,S2-813179630
S1-122221465	S3-68321827,S2-702263933,S3-101242901,S3-23492958,S3-481581345,S2-974146456,S3-349679455,S3-657919288,S3-937791576,S3-691294985,S2-233626843,S2-51615186,S2-782078221,S3-576703765,S3-743187888,S2-877531568,S2-336500242,S2-650640716,S2-290816981,S2-204417353,S3-257698168,S3-331873108,S2-793082753,S2-911310489,S3-857176159,S2-225002758,S2-719452345,S3-486371120,S2-220756381,S2-350400344,S3-746507879,S3-552599122,S3-797598442,S3-558285322,S2-399869899,S3-360310067,S2-589083365,S2-239070834,S3-46611218,S2-471800381
S1-122385784	S2-845010036,S2-651671642,S2-805826813,S3-153388083,S2-258612635,S3-916140155,S2-31694455,S2-125567446,S2-609571259,S2-952858710,S3-501171061,S2-647740777,S3-64868920,S3-325621631,S3-267547161,S3-100799892,S2-370796080,S3-148974528,S2-933865098,S2-54411910,S2-86137182,S3-938520257,S3-319252793,S2-234200980,S3-469354779,S3-23781571,S3-976515721,S3-221443476,S3-414627989,S3-894084902,S2-598312557,S3-755180834,S3-150322987,S3-615493175,S3-45364968,S3-175964530,S3-668979909,S2-240825627,S2-558638291,S3-593556662
S1-123475953	S2-214939320,S3-463105299,S3-80840290,S3-942743916,S2-917596066,S2-797828425,S2-750801102,S3-231099763,S2-46119598,S3-503430799,S3-960326648,S2-973495524,S3-173398261,S2-897338634,S3-623750247,S2-334939365,S3-310059196,S3-810888025,S3-220575318,S2-73196616,S2-292567038,S2-956479781,S2-443595944,S2-847938260,S3-622017603,S2-54275281,S2-537184954,S2-761407187,S2-576702297,S3-511364793,S3-962607637,S2-442790965,S2-940730427
S1-126274111	S3-904293301,S3-540353197,S3-535444031,S3-23492958,S3-372085852,S2-489476783,S3-657919288,S3-691294985,S3-442566277,S2-893716684,S3-788075081,S3-361863410,S2-927573547,S2-395778865,S3-53926965,S3-311994839,S2-393902595,S3-421753436,S2-429414207,S3-967418953,S3-316083080,S2-895992482,S2-153022216,S2-933865098,S2-543939410,S3-197819529,S3-938520257,S2-706548751,S3-202030770,S2-411773002,S2-598312557,S2-315775481,S3-99392192,S2-388192690,S2-234992726,S2-768679434,S3-856896406,S3-807090678,S2-936125922,S3-175964530
S1-131623880	S3-371003220,S2-582157971,S3-74872076,S3-810108097,S2-214168322,S3-649166684,S3-333411132,S3-52817413,S3-173398261,S3-389257885,S3-287107415,S3-288440193,S2-851305685,S2-923816782,S3-217039093,S3-455958949,S2-94145774,S2-313905133,S2-411272285,S2-248233059,S3-323904182,S2-796753102,S3-361863410,S3-895598264,S3-267108456,S3-180537830,S2-670406970,S2-655787096,S3-613147989,S3-962607637,S3-590749550,S2-896768736
S1-133484055	S2-840964780,S2-914966490,S3-964553985,S3-409858322,S2-752369607,S2-516174026,S3-360310067,S3-658437431,S2-682586639,S2-852042207,S3-193324646,S2-322554268,S2-182273804,S2-562037907,S2-80200813,S2-918973885,S3-158901285,S3-550139124,S2-916015676,S2-290349597,S2-896768736,S3-184785497,S3-86143878,S3-102882344,S3-649166684,S2-214168322,S3-399526928,S2-851305685,S3-288440193,S3-623589664,S3-526611118,S3-664467546,S2-976785329,S2-881978571,S2-524196193,S2-104941292,S2-456952016,S3-367727512,S3-127741306
S1-133928599	S2-697514180,S3-55314584,S2-64479721,S2-649702926,S2-328922214,S3-853096152,S3-742526233,S2-506155991,S2-187095631,S3-821572423,S3-580891382,S3-855282751,S2-893716684,S2-789698410,S2-862578020,S3-136619053,S2-585918330,S3-6822167,S2-326224715,S3-712130770,S3-643284918,S2-726853276,S2-800542765,S3-401631450,S3-615509209,S3-969662978,S2-590554293,S2-207439352,S2-136638989,S3-956639857,S3-866935454,S2-704784114,S2-750817241,S2-400493855,S3-630840237,S3-971111671,S3-616747941,S3-361062055,S2-160823657,S3-952935394
S1-13506955	S3-289697426,S2-234992726,S2-412565852,S3-206642656,S3-742526233,S2-258612635,S2-840964780,S3-897412541,S2-416493275,S2-419031945,S3-593981074,S2-434336539,S2-634395262,S2-731994682,S3-923060037,S3-573076105,S3-888634508,S3-695502221,S3-103896935,S3-221443476,S3-69683574,S2-536451479,S3-870558068,S2-932162073,S2-976180948,S2-166809876,S2-469081581,S3-764625163,S3-703660917,S3-217039093,S2-313905133,S3-180537830,S2-336821634,S2-655787096,S3-45395949,S3-810108097,S2-898849110,S3-649166684,S2-214168322,S3-825917420
S1-139090022	S3-764805204,S3-194049640,S3-298091709,S2-793082753,S3-626034570,S2-406149845,S3-611106860,S3-832461160,S3-409858322,S2-204417353,S2-906594195,S3-226896868,S2-349043036,S3-137807983,S3-667815823,S2-685762130,S2-225122945,S3-662861736,S2-252641622,S2-888652626,S3-661881573,S3-446353128,S2-340444360,S3-80840290,S3-415590169,S2-46119598,S3-231099763,S2-321067876,S3-217039093,S3-455958949,S2-94145774,S3-611681699,S2-501534718,S3-312577481,S3-329012794,S2-596368087,S3-613147989,S2-655787096,S2-298648749,S3-955193605
S1-142638295	S3-22321512,S2-503966344,S3-866935454,S3-549736271,S2-170244057,S3-146360385,S3-445543631,S2-336076880,S2-229203598,S3-534004445,S3-943929303,S3-660592001,S2-37424835,S2-758493682,S3-683741745,S3-226896868,S2-441692657,S2-336500242,S2-770493466,S3-712130770,S3-423182087,S2-613021953,S3-7528752,S2-559669701,S2-858213429,S3-556228627,S3-230737613,S2-209188312,S3-332250323,S2-880373574,S3-234659501,S3-971111671,S3-191777631,S2-342790091,S2-791121005,S2-160823657,S2-505302528,S2-816523255,S3-572525205,S3-55314584
S1-143287441	S3-286512684,S2-124355652,S3-867263634,S2-477732440,S3-382077226,S3-227725397,S2-187095631,S3-320488619,S2-582157971,S3-454284148,S2-46119598,S3-310059196,S3-703660917,S3-217039093,S2-313905133,S2-501534718,S2-655787096,S2-896768736,S3-810108097,S2-214168322,S3-825917420,S3-573076105,S3-288440193,S3-623750247,S2-851305685,S3-526611118,S3-179099570,S3-296383140,S2-411272285,S3-844042071,S3-505888372,S2-48932828,S2-232272231,S2-993370704,S2-303037664,S2-525004536,S3-415590169
S1-1433093	S3-801858031,S3-246690251,S2-22034959,S2-727695265,S3-515717408,S2-518383016,S3-773458342,S3-583976846,S3-347087196,S3-45395949,S3-289000533,S3-662721327,S2-435938329,S3-700534009,S3-287107415,S2-933724724,S3-460759790,S3-631466617,S2-424599024,S2-592412285,S3-267108456,S3-348068567,S3-376351604,S2-530685908,S3-945390736,S3-320488619,S2-46119598,S3-231099763,S3-217039093,S2-501534718,S2-175042336,S3-329012794,S3-741815994,S3-532782484,S3-958955314,S3-446409255,S2-563202302,S3-967418953,S2-442169767,S3-810108097
S1-149784022	S3-267547161,S2-536451479,S2-245878292,S3-78681427,S2-269300058,S3-827776680,S3-764805204,S2-127755733,S2-462933950,S3-45364968,S2-782078221,S3-677557632,S2-702263933,S2-609571259,S2-293341063,S2-357180028,S3-937791576,S3-802908214,S2-429414207,S2-539204540,S2-933865098,S2-266529850,S2-845010036,S3-576703765,S2-199280788,S3-870588828,S2-51615186,S2-976180948,S3-797598442,S3-414627989,S3-695973055,S2-553274633,S2-726058757,S3-175964530,S2-893716684,S2-31694455,S3-690589208,S3-343548922,S3-77290626,S2-416493275
S1-152550844	S3-651475258,S2-965614954,S3-671697226,S2-940366297,S3-516547599,S3-626034570,S3-159233685,S3-652123162,S3-217903829,S2-434336539,S3-922632740,S3-317441331,S2-235569498,S2-902499230,S2-269915770,S2-516174026,S2-191311189,S2-307656815,S2-260494879,S3-10300249,S2-191963917,S2-56354930,S2-166809876,S2-974333160,S3-749411518,S3-106428443,S3-883789863,S2-328922214,S2-27508375,S2-270257041,S3-934577839,S2-334939365,S3-516583759,S2-385507714,S2-54275281,S2-169339199,S2-96867962,S3-429952239,S2-442169767,S2-797828425
S1-155512047	S2-20798878,S3-367504316,S2-383030202,S2-70822028,S2-262646344,S3-349819283,S3-234659501,S2-158121477,S3-182558974,S2-521049331,S3-198586129,S3-971111671,S3-944706854,S3-561839301,S2-229203598,S3-198548382,S3-952935394,S2-376908945,S3-899716627,S3-944195300,S2-278570858,S2-372458033,S3-934627663,S2-183205834,S2-845107728,S3-661881573,S3-620755797,S3-24193561,S3-901997932,S2-991545286,S3-398254055,S3-853096152,S3-191777631,S2-647945622,S2-21907891,S2-160823657,S3-41415156,S2-525391570,S2-284570733,S3-572525205
S1-156285671	S3-839414204,S3-818722089,S3-852035874,S2-975631805,S3-182558974,S2-521049331,S2-566025912,S3-606217734,S3-944706854,S3-943929303,S3-869217790,S2-21907891,S2-335122263,S3-492718178,S3-953042337,S3-28391425,S2-753125951,S2-823495263,S3-993672239,S2-645886241,S2-297579015,S3-148461291,S3-10300249,S2-107820820,S2-714315001,S3-200532536,S2-878037834,S2-400493855,S3-561839301,S2-336076880,S3-543902884,S3-398663305,S3-580891382,S3-566490588,S2-955876497,S3-935965425,S2-392595553,S2-977401479,S2-968505057,S2-647742770
S1-158003567	S3-129081221,S3-626087419,S3-246690251,S3-251522598,S2-714315001,S3-150322987,S2-352215857,S3-853096152,S2-595491693,S2-530061167,S3-153885777,S2-214494222,S2-767658445,S2-916015676,S2-425334082,S2-835489415,S2-528929761,S2-266529850,S3-179099570,S2-540182433,S2-540565178,S3-195976462,S2-39872285,S2-583114929,S2-600860109,S2-595265518,S2-104941292,S2-39107260,S2-498170125,S2-722510752,S2-315775481,S3-474850204,S2-854425445,S3-989617472,S3-615493175,S2-322554268,S3-856896406,S3-442566277,S2-462866226,S2-781720719
S1-162954117	S2-789698410,S2-328922214,S3-521066083,S2-20595754,S3-358432918,S2-590554293,S3-106428443,S3-120319456,S3-389830698,S3-206642656,S2-893716684,S3-68589400,S3-250324284,S3-652287374,S2-697514180,S2-962455440,S2-424998513,S3-769518935,S2-73309888,S2-692619586,S3-96366507,S3-615579872,S3-221443476,S3-927354334,S3-69683574,S3-819001322,S2-136638989,S3-127741306,S3-444717485,S3-28336419,S3-883789863,S2-27508375,S2-270257041,S2-469081581,S2-94145774,S3-532782484,S3-872013487,S3-810108097,S2-867169728,S2-516174026
S1-17003766	S3-290413216,S2-704784114,S2-676069227,S3-1062100,S3-873113499,S3-572176821,S2-409273301,S2-595491693,S2-983351215,S3-203608044,S2-525391570,S3-320542108,S3-923060037,S2-968505057,S3-777809192,S2-188368209,S3-679747836,S2-468490076,S2-938065576,S3-273272215,S2-297579015,S3-84626078,S2-217900075,S2-560829432,S3-77632293,S3-839414204,S2-575142052,S2-390533432,S3-887718222,S2-340444360,S3-866935454,S2-750817241,S2-400493855,S3-853096152,S3-191777631,S3-616747941,S3-561839301,S2-160823657,S3-952935394,S3-409858322
S1-170318976	S3-716768106,S3-693984318,S2-357438552,S2-883345444,S3-955767277,S3-727410626,S3-54779552,S2-434336539,S3-207721934,S2-127971493,S3-167007965,S3-715354599,S2-226111615,S2-830645124,S3-267883217,S3-611681699,S3-351490610,S3-481758921,S2-46119598,S3-503430799,S2-973495524,S2-469081581,S2-334939365,S2-847938260,S2-54275281,S2-385507714,S3-849725135,S2-442790965,S3-429952239,S3-812557085,S3-464265492,S2-896768736,S2-300429766,S3-942743916,S3-623750247,S2-493543131,S2-920919608,S2-276569893,S3-220575318,S2-73196616
S1-170472252	S2-318808106,S3-973665746,S2-199451665,S2-54101700,S2-940603889,S2-239070834,S2-763720598,S2-658886344,S3-167007965,S3-182239647,S2-905827553,S3-963242645,S2-258890831,S2-780725709,S3-726772995,S2-547439488,S2-315775481,S2-578484139,S2-497654662,S3-695973055,S3-904293301,S3-856896406,S3-916140155,S3-788075081,S2-37424835,S3-122077614,S2-395778865,S3-191731437,S2-247144607,S2-378846408,S2-280607105,S3-267883217,S2-585589926,S2-218828004,S3-603130097,S2-113115082,S3-469354779,S3-75604340,S2-595265518,S2-845107728
S1-17665971	S2-737499898,S3-552599122,S3-545765346,S2-663959226,S3-514174091,S2-806209738,S2-690368889,S2-7365596,S3-863521415,S3-194049640,S3-559022742,S2-415633307,S2-22799180,S2-585589926,S3-422815078,S2-582157971,S3-975969666,S2-33428201,S3-749494147,S2-976793661,S2-730294781,S2-8736718,S2-498001172,S3-664158078,S3-901997932,S3-574534442,S3-184174096,S3-456593429,S3-504811762,S3-320488619,S3-23492958,S2-127755733,S2-240202044,S2-504393659,S2-568886805,S2-232181140,S2-927573547,S2-204417353,S3-360310067,S3-549513530
S1-181117450	S3-234011238,S2-550697952,S3-788075081,S2-419031945,S3-822184939,S2-449438476,S2-258890831,S3-975969666,S3-802348934,S2-783082192,S2-975502236,S3-164184713,S2-741133761,S3-854398958,S2-979536106,S3-202030770,S2-262622446,S2-696588819,S3-382243274,S3-446353128,S2-722510752,S2-315775481,S3-99392192,S2-388192690,S2-258612635,S2-936125922,S3-45364968,S3-442566277,S2-636355308,S2-462866226,S2-781720719,S3-543939305,S3-191731437,S2-378846408,S2-647740777,S2-247144607,S2-280607105,S3-421753436,S3-506810019,S2-113115082
S1-181883447	S2-918973885,S3-867263634,S3-181925627,S3-509281903,S3-940132125,S2-412565852,S2-80200813,S2-914966490,S2-630486694,S3-952935394,S2-60538009,S3-2378515,S2-621647150,S2-247144607,S2-425334082,S2-426549931,S2-516174026,S2-711854311,S2-543623385,S2-49777022,S3-783337925,S2-982792981,S2-267512484,S3-557847177,S3-466523313,S3-832461160,S3-64810791,S3-729562750,S3-80840290,S2-750801102,S3-231099763,S2-27508375,S2-46119598,S2-342025906,S2-652960468,S2-672191745,S2-696438552,S2-847938260,S2-54275281,S2-385507714
S1-182458975	S3-657235525,S2-940366297,S3-170176936,S2-719864134,S3-484994752,S3-45364968,S2-314240782,S3-652123162,S2-434336539,S2-343566512,S2-11497933,S3-10070204,S2-574723490,S2-516174026,S2-200306868,S2-191311189,S3-385365835,S2-307656815,S3-381935731,S3-195976462,S2-260494879,S3-472293246,S3-574534442,S2-744098365,S3-540353197,S3-870588828,S2-191963917,S2-56354930,S2-166809876,S2-958398768,S2-315775481,S2-388192690,S2-240202044,S2-793082753,S2-506313032,S3-28078346,S2-298281864,S3-478490624,S2-240825627,S2-558638291
S1-183285524	S3-593556662,S2-125567446,S2-463756409,S2-388543405,S2-451932282,S2-240202044,S3-385365835,S2-787040456,S2-589083365,S2-974757357,S3-279953500,S2-951148549,S2-407447896,S2-298281864,S2-631174413,S2-836553957,S3-713591626,S3-20973442,S2-205836707,S2-917258438,S2-40876366,S2-938316135,S2-262622446,S3-695341943,S2-534748436,S3-775455620,S2-719452345,S2-966023861,S2-258890831,S2-880373574,S3-894084902,S2-426549931
S1-185535466	S2-857275799,S3-57664006,S3-337064812,S3-995796854,S3-175443554,S2-497654662,S3-417315037,S3-65312811,S3-716879886,S2-991288907,S3-912471660,S3-312577481,S3-343548922,S2-901270840,S3-506810019,S2-895992482,S2-568605,S3-239848768,S3-631466617,S2-728794279,S3-754823586,S2-595735456,S2-862000237,S2-28901364,S3-664158078,S2-965432715,S3-24193561,S3-574534442,S2-51615186,S3-797381132,S2-722510752,S2-315775481,S3-989617472,S2-388192690,S2-768679434,S3-294231709,S3-836337426,S3-916140155,S2-351519794,S3-20479494
S1-192481319	S3-986560205,S3-454284148,S3-640375681,S3-884473350,S2-193510687,S3-986739557,S3-610536355,S2-118916909,S3-576431503,S2-550697952,S3-78200790,S3-478971264,S3-268628840,S3-53926965,S2-905827553,S3-464265492,S2-442169767,S2-634068583,S2-582157971,S2-936193093,S2-510842397,S2-335659628,S3-572432762,S2-773257998,S2-991613543,S2-895906111,S2-470617752,S2-303037664,S3-324762151,S2-25830538,S3-310059196,S2-810688876,S3-611681699,S2-313905133,S2-501534718,S3-741815994,S3-180537830,S2-916015676,S3-962607637,S2-936916016
S1-194589041	S2-39872285,S2-540182433,S3-195976462,S2-528929761,S3-626087419,S2-595265518,S2-352215857,S2-916015676,S3-179099570,S2-530061167,S2-526493060,S2-27508375,S2-270257041,S2-507168266,S2-321067876,S3-478971264,S2-317480348,S2-537184954,S2-576702297,S2-739997154,S2-298648749,S2-596441431,S3-317441331,S2-797828425,S2-897338634,S3-573076105,S2-601767250,S2-725167020,S2-179065185,S3-807229869,S3-279361924,S2-991613543,S3-8091833,S2-761407187,S3-853414998,S3-162500917,S2-141980176
S1-197043206	S2-975631805,S2-750817241,S3-191777631,S2-647945622,S2-21907891,S2-714315001,S2-598312557,S3-606217734,S3-945426231,S2-793082753,S3-616747941,S2-955876497,S2-816523255,S3-688013575,S3-935965425,S2-55418957,S3-136619053,S3-703496100,S3-927491453,S2-917596066,S2-968505057,S3-779949499,S3-679747836,S2-505969853,S3-380230383,S2-290238781,S3-148461291,S3-22088661,S2-33290707,S3-161800995,S3-630840237,S3-802883757,S3-398254055,S3-853096152,S3-192263409,S2-580586919,S2-505302528,S2-160823657,S3-41415156,S2-525391570
S1-198662647	S3-884473350,S3-640375681,S3-986739557,S3-454284148,S3-986560205,S2-761740572,S2-940366297,S3-599066239,S3-657919288,S2-118916909,S3-843493474,S3-497775376,S3-155795126,S2-406149845,S2-767658445,S3-361863410,S3-430128111,S2-336821634,S2-55418957,S3-464265492,S3-662721327,S3-435130814,S2-450192914,S2-711854311,S2-193510687,S3-572432762,S2-773257998,S2-973829465,S2-104941292,S3-651489735,S2-46119598,S3-310059196,S3-55946551,S3-810888025,S2-292567038,S2-501534718,S3-705828303,S2-596368087,S3-962607637,S2-936916016
S1-201994316	S2-123627795,S2-92128471,S3-668629842,S2-254413757,S3-739484686,S2-700195651,S2-407447896,S3-651489735,S2-663700902,S3-175964530,S2-226111615,S3-646547625,S2-89663826,S2-768679434,S3-916140155,S2-416362828,S2-781720719,S3-20479494,S3-593556662,S2-222871632,S3-549513530,S2-621647150,S2-378846408,S3-268657388,S2-585589926,S2-572629507,S2-206048699,S3-700236919,S3-658485254,S3-197819529,S2-199021860,S3-469354779,S2-866564035,S2-49777022,S2-681236478,S2-651671642,S3-341799280,S2-300060087,S2-324947743,S2-595265518
S1-204633959	S2-163865475,S2-112287031,S2-275882814,S2-582539737,S3-264170444,S3-780090761,S3-206642656,S2-759764530,S3-214688271,S2-627682672,S2-416362828,S2-843672634,S3-689205085,S3-891899299,S2-478939888,S2-950272526,S3-764625163,S3-217039093,S2-918973885,S3-294208174,S3-643531990,S3-315595058,S2-80030619,S3-922191827,S3-430128111,S3-967418953,S3-649166684,S3-333411132,S3-970700897,S3-288440193,S2-851305685,S3-695502221,S2-786671109,S3-416314708,S3-927354334,S3-10300249,S3-474644511,S3-942611768,S3-869576786,S3-244285
S1-208197675	S3-743729368,S2-819310622,S3-9842107,S3-167007965,S3-330359437,S3-864360820,S2-765689508,S2-473992508,S2-146545453,S3-611681699,S3-351490610,S2-357438552,S2-283264445,S3-955767277,S2-434336539,S2-830645124,S3-481758921,S3-716768106,S2-862435993,S3-825290001,S3-693984318,S2-225122945,S2-851305685,S3-884473350,S3-715354599,S3-378054173,S3-784451810,S2-456952016,S3-54779552,S3-207721934,S3-986739557,S3-260946793,S2-973495524,S3-462677478,S2-334939365,S3-185580229,S3-810888025,S2-550277993,S2-847938260,S3-973665746
S1-209281220	S2-146545453,S2-791121005,S2-4583532,S2-214168322,S3-2045650,S3-649166684,S3-389257885,S3-573076105,S2-505969853,S3-288440193,S2-469081581,S3-623750247,S2-923816782,S3-703660917,S3-217039093,S2-94145774,S3-286512684,S3-611681699,S2-411272285,S2-501534718,S3-158901285,S3-329012794,S3-180537830,S3-741815994,S3-549298,S3-958955314,S2-96867962,S3-315595058,S2-22034959,S3-942611768,S3-127741306,S3-967418953,S2-442169767
S1-215270294	S3-100799892,S3-148974528,S3-153388083,S3-414627989,S2-651671642,S2-823489243,S3-267547161,S2-954075074,S2-609571259,S2-952858710,S2-86137182,S2-275369766,S2-234200980,S2-257520714,S3-822184939,S2-115402855,S2-31694455,S2-911141492,S2-305285654,S2-598312557,S2-722510752,S3-615493175,S2-240202044,S3-294231709,S3-249624801,S3-153885777,S2-416362828,S2-462866226,S3-20479494,S3-326018425,S2-558638291,S2-809665812,S2-938316135,S2-621647150,S2-357180028,S3-234011238,S3-593981074,S2-930022210,S2-783082192,S3-367901084
S1-216847975	S2-315775481,S3-182558974,S2-521049331,S3-198586129,S3-944706854,S3-238774081,S3-78681427,S3-504811762,S2-229203598,S3-760959067,S2-648630388,S2-187743820,S2-147498899,S3-124578688,S2-753125951,S2-70822028,S2-262646344,S2-11497933,S2-674785636,S2-20798878,S2-278570858,S2-729157829,S2-372458033,S3-7528752,S2-595265518,S2-845107728,S3-833076537,S3-24285581,S3-972533463,S2-103781604,S2-547439488,S2-234992726,S3-904293301,S3-484994752,S2-240202044,S2-331483512,S3-518430580,S2-568886805,S3-677557632,S2-991288907
S1-219350089	S2-519059543,S3-506810019,S2-168132027,S3-257698168,S3-331873108,S2-450192914,S2-976793661,S3-340374288,S3-808387247,S3-36348173,S2-666652825,S3-25636760,S2-699920476,S3-683291192,S3-514572990,S2-609571259,S2-647740777,S3-422729132,S2-134952939,S2-634395262,S3-943890721,S2-795525631,S3-380230383,S2-318808106,S3-861554347,S2-730294781,S2-666211711,S2-56939673,S3-558285322,S2-171518968,S2-412565852,S2-240202044,S2-815721073,S3-611302121,S3-65312811,S2-298281864,S2-550738304,S3-514174091,S3-775455620,S2-585589926
S1-220057580	S2-761740572,S3-755180834,S2-221302335,S3-448349907,S2-979096206,S2-192816498,S2-981369013,S3-908148625,S2-419031945,S3-876305239,S3-142722160,S3-872013487,S3-927491453,S3-316083080,S3-481758921,S3-700534009,S2-113115082,S3-460759790,S2-779040268,S3-547572417,S3-82573141,S2-179065185,S2-84473557,S3-336697476,S3-771452301,S2-257921932,S3-376351604,S3-870558068,S3-942611768,S2-350400344,S2-526493060,S3-231099763,S2-27508375,S2-141980176,S3-331435880,S2-507168266,S2-102506722,S2-652960468,S2-672191745,S3-460206531
S1-220372723	S3-22373856,S3-870588828,S2-666211711,S2-519059543,S3-808387247,S3-194049640,S2-462933950,S3-249624801,S3-957768361,S2-647740777,S3-191731437,S3-419085785,S2-233474561,S2-634395262,S3-152598937,S3-796280583,S3-331873108,S3-999913674,S2-450192914,S2-976793661,S3-547572417,S2-275369766,S3-861554347,S2-836553957,S3-976515721,S2-168132027,S2-205836707,S3-468731115,S2-838274938,S3-285620374,S2-854425445,S3-111562263,S2-170268811,S3-690589208,S3-604715797,S2-298281864,S3-514572990,S3-966021760,S2-378846408,S2-247144607
S1-222645796	S3-630840237,S2-182273804,S2-600460285,S3-158901285,S3-482698711,S3-643531990,S3-315595058,S3-446409255,S2-258890831,S3-448698808,S3-116557348,S3-100799892,S3-961421742,S3-573076105,S2-621647415,S2-725167020,S2-711854311,S3-84626078,S3-77632293,S2-202662079,S3-380113570,S3-853414998,S2-190625204,S2-769531847,S3-819591530,S2-46119598,S2-102506722,S2-810688876,S3-497775376,S3-741815994,S3-180537830,S2-813354914,S3-958955314,S2-22034959,S3-217903829,S2-442169767,S3-967822899,S3-810108097,S2-797828425,S3-333411132
S1-22335277	S2-594115095,S2-577684356,S3-389830698,S3-891899299,S2-89101680,S3-856022427,S3-837926466,S3-677557632,S2-847938260,S3-937791576,S2-853058328,S2-20798878,S2-730294781,S3-644835672,S2-888652626,S2-56939673,S2-488801817,S2-949729542,S2-608761794,S3-184174096,S3-289567021,S2-776933635,S3-797381132,S2-526493060,S2-469081581,S2-672191745,S2-201725895,S3-497775376,S2-572406967,S2-175042336,S2-434748052,S3-527612989,S3-158901285,S2-22034959,S2-434336539,S3-841734573,S3-358432918,S3-317441331,S2-442169767,S3-810108097
S1-224275529	S3-116557348,S3-260946793,S3-482698711,S2-202662079,S2-600460285,S2-480897317,S3-977845400,S3-739484686,S2-106341849,S2-256206990,S3-185580229,S3-915330451,S3-158901285,S3-773458342,S2-453562565,S3-446409255,S2-214939320,S2-138331307,S3-448698808,S2-984790670,S3-961421742,S2-621647415,S2-704180517,S3-783337925,S2-63117139,S3-282321912,S3-380113570,S2-190625204,S3-945390736,S2-769531847,S2-852042207,S3-503430799,S2-46119598,S2-877133584,S2-127971493,S3-532782484,S3-958955314,S3-643531990,S2-124355652,S3-355846923
S1-225821819	S2-491343764,S3-64079929,S3-28391425,S3-398663305,S3-978862386,S2-188368209,S2-297579015,S3-233262922,S3-607404491,S2-714315001,S2-654562074,S2-974146456,S3-534004445,S2-550697952,S3-65312811,S3-683291192,S2-758493682,S2-648630388,S3-226896868,S3-777809192,S2-468490076,S2-450192914,S3-73755756,S3-22321512,S3-665811613,S2-858213429,S2-575142052,S3-540353197,S2-268861424,S3-332250323,S2-750817241,S2-400493855,S2-955876497,S2-160823657,S3-952935394,S3-611106860,S3-409858322,S2-816523255,S3-677352980,S3-55314584
S1-241758739	S2-442169767,S3-764653606,S3-610536355,S2-550697952,S3-516583759,S3-78200790,S3-478971264,S3-268628840,S3-927656784,S3-53926965,S2-222871632,S2-336821634,S2-634068583,S2-582157971,S2-936193093,S3-173398261,S2-577711295,S2-179065185,S3-729575875,S2-991613543,S2-895906111,S3-324762151,S2-470617752,S2-303037664,S3-335176300,S3-557847177,S2-46119598,S3-260946793,S2-469081581,S3-286512684,S3-497775376,S2-918973885,S3-180537830,S3-643531990,S2-916015676,S3-876305239,S2-771719189,S2-858333878,S2-896768736,S3-810108097
S1-242691036	S2-940366297,S3-389830698,S3-630840237,S3-416247723,S2-125567446,S2-416362828,S3-652123162,S2-434336539,S2-516174026,S2-158086966,S2-191311189,S3-651475258,S2-307656815,S3-671697226,S2-559669701,S2-260494879,S3-626087419,S2-191963917,S2-56354930,S3-332250323,S2-268861424,S2-166809876,S2-974333160,S3-749411518,S3-504811762,S3-215199655,S2-852042207,S2-877133584,S2-313905133,S3-705828303,S3-329012794,S3-180537830,S3-688194826,S3-962607637,S2-936916016,S3-358432918,S2-138331307,S2-867169728,S3-250853646,S3-236881445
S1-244474490	S3-206642656,S2-163865475,S2-857504798,S2-112287031,S2-275882814,S2-582539737,S3-264170444,S3-780090761,S2-759764530,S3-214688271,S2-627682672,S2-416362828,S2-130168190,S2-843672634,S3-891899299,S2-469081581,S2-584492860,S2-80200813,S3-599115114,S3-643531990,S2-80030619,S2-157009014,S2-485885002,S3-967418953,S3-86143878,S3-649166684,S2-851305685,S3-288440193,S3-662861736,S3-526611118,S2-786671109,S2-817276686,S2-795335462,S3-784451810,S3-416314708,S2-104941292,S3-488363429,S3-942611768,S3-869576786,S3-244285
S1-244940399	S3-106428443,S3-521066083,S3-777418870,S3-448349907,S3-559022742,S2-462866226,S2-415633307,S2-483583787,S2-394696306,S3-532782484,S3-268657388,S2-962455440,S2-770493466,S3-979560154,S3-740622432,S3-549736271,S2-657508123,S2-686535448,S3-888634508,S2-613021953,S3-355506507,S3-115390426,S2-7365596,S2-508597312,S2-666211711,S2-804364266,S2-56354930,S2-498170125,S3-452650129,S3-925887761,S2-27508375,S2-235829911,S3-740414968,S2-652960468,S2-625718384,S3-55946551,S2-501534718,S3-329012794,S2-537184954,S3-315595058
S1-247274429	S2-214939320,S3-116557348,S3-260946793,S3-482698711,S2-202662079,S2-600460285,S2-480897317,S3-977845400,S3-739484686,S3-185580229,S3-915330451,S3-158901285,S3-773458342,S2-453562565,S3-446409255,S3-45179985,S2-663700902,S3-294717043,S2-138331307,S3-448698808,S3-961421742,S2-621647415,S2-704180517,S3-783337925,S2-63117139,S3-282321912,S3-380113570,S2-190625204,S3-945390736,S2-769531847,S3-231099763,S2-46119598,S2-469081581,S2-672191745,S3-180087778,S2-54275281,S3-180537830,S3-532782484,S3-643531990,S2-22034959
S1-252468250	S3-810108097,S3-389257885,S2-283264445,S2-235829911,S3-658437431,S2-765689508,S2-146545453,S3-960416326,S3-812853393,S3-155795126,S3-527612989,S2-819310622,S3-9842107,S3-330359437,S2-862435993,S3-716768106,S3-600418036,S2-968505057,S3-743729368,S2-409273301,S2-560829432,S3-783337925,S2-676069227,S2-456952016,S3-878176472,S3-232385421,S2-578788567,S3-286018627,S3-885210293,S3-864360820,S2-46119598,S3-231099763,S2-753618829,S2-94145774,S2-501534718,S3-532782484,S2-596368087,S2-563202302,S3-510277949,S3-967418953
S1-254586049	S2-539204540,S2-141345465,S2-459485143,S2-269915770,S3-790378506,S2-908079681,S2-200306868,S2-248821054,S3-797337828,S2-476476786,S2-769905076,S3-843493474,S2-439055696,S3-509005412,S2-993515161,S3-191777631,S3-961706443,S2-160823657,S3-727698517,S3-935965425,S3-1062100,S2-383030202,S3-899716627,S3-835032939,S3-282633530,S3-978287417,S2-412254468,S2-441692657,S2-823495263,S2-23519898,S3-549736271,S3-777809192,S3-306853514,S2-613021953,S2-64479721,S2-409273301,S3-957068009,S3-432126489,S2-305637735,S3-824732621
S1-255349799	S3-365302134,S2-135491601,S3-454284148,S3-289697426,S3-175443554,S3-610536355,S3-630840237,S3-909974680,S3-251522598,S2-941004388,S2-141345465,S2-910351373,S3-688194826,S2-905827553,S3-333411132,S2-510842397,S2-730294781,S3-445101009,S2-388594236,S2-911141492,S2-973829465,S3-549298,S3-227725397,S3-486567365,S3-743825885,S3-382328733,S2-77137709,S2-526493060,S2-46119598,S3-976233702,S2-342025906,S2-507168266,S2-744323706,S3-55946551,S2-292567038,S3-78200790,S2-596441431,S3-317441331,S2-442169767,S3-825290001
S1-257953143	S3-843493474,S2-85084966,S3-155795126,S2-283264445,S2-328922214,S3-712308497,S2-950272526,S2-396366670,S3-960416326,S3-497775376,S2-292567038,S2-847938260,S2-934716922,S3-962607637,S3-833970055,S2-663700902,S3-662721327,S2-305285654,S3-265161935,S2-491607559,S2-200306868,S3-797337828,S2-248821054,S3-170975522,S3-651489735,S3-630998672,S3-50281059,S3-335176300,S3-77919636,S3-29698559,S3-739484686,S3-891899299,S2-627682672,S2-313905133,S3-593500151,S3-895598264,S2-596368087,S2-298648749,S3-510277949,S3-106514182
S1-260204874	S2-234200980,S2-651671642,S3-153388083,S3-666943106,S3-417315037,S3-484994752,S2-31694455,S3-65312811,S2-991288907,S2-37424835,S2-702263933,S2-952858710,S2-609571259,S2-314240782,S3-337064812,S3-506810019,S3-267547161,S2-539053905,S2-933865098,S3-148974528,S2-219660332,S2-86137182,S3-631466617,S2-787040456,S2-728794279,S3-576703765,S2-862000237,S2-28901364,S2-56939673,S3-414627989,S2-598312557,S2-768679434,S3-75554428,S3-45364968,S3-175964530,S3-668979909,S2-462866226,S3-20479494,S2-648630388,S2-147498899
S1-260721574	S2-214939320,S3-784451810,S3-116557348,S2-600460285,S3-977845400,S3-260946793,S3-739484686,S2-340880073,S3-185580229,S3-915330451,S3-286512684,S3-843493474,S3-455958949,S3-773458342,S2-453562565,S3-243201022,S3-526709055,S2-138331307,S2-984790670,S2-704180517,S2-979536106,S3-964553985,S3-783337925,S2-63117139,S3-282321912,S2-202662079,S2-450038746,S2-480897317,S3-945390736,S3-966230926,S2-46119598,S3-231099763,S2-235829911,S2-469081581,S2-94145774,S2-872599903,S2-576702297,S2-563202302,S2-596368087,S2-298648749
S1-261170522	S3-852602832,S2-651671642,S2-722510752,S2-857504798,S3-153388083,S2-809665812,S2-222871632,S2-932162073,S2-262622446,S3-294231709,S3-836337426,S3-382243274,S2-866564035,S2-598312557,S2-854425445,S2-388192690,S3-615493175,S2-240202044,S3-45364968,S2-636355308,S3-20479494,S2-781720719,S3-543939305,S3-668629842,S2-240825627,S3-191731437,S2-395671932,S2-247144607,S2-479477181,S2-280607105,S2-113115082,S2-714953620,S2-49777022,S2-300060087,S3-626087419,S3-467435512,S3-540353197,S3-57664006,S2-875516379,S2-193013091
S1-261393939	S3-236881445,S3-367727512,S2-975631805,S2-854425445,S2-705903019,S2-719864134,S2-473992508,S3-907381535,S3-852035874,S3-1062100,S2-753125951,S2-719452345,S2-858333878,S3-137807983,S2-444544903,S3-330359437,S2-634395262,S2-364440651,S2-23519898,S2-182986806,S3-743729368,S3-796280583,S3-623589664,S2-938169179,S2-218619721,S2-233626843,S2-591078525,S3-940611620,S2-33290707,S2-818031985,S2-130168190,S2-899542587,S2-852042207,S2-46119598,S3-193324646,S2-235829911,S2-469081581,S3-217039093,S2-841642984,S3-478971264
S1-261476747	S3-398254055,S3-55314584,S3-28391425,S3-607735741,S3-868511151,S2-340444360,S3-915560653,S2-578484139,S3-960326648,S2-221302335,S3-900116490,S2-400190057,S2-582539737,S3-654987910,S3-226896868,S3-129081221,S3-802908214,S2-271875776,S2-445598380,S3-98855106,S3-464507396,S3-320542108,S2-977401479,S3-265204232,S2-543623385,S2-714953620,S2-154961257,S3-488363429,S3-468731115,S2-252115955,S2-699224357,S3-398663305,S3-477828510,S3-953042337,S2-816523255,S3-64079929,S2-710233773,S2-503966344,S2-20798878,S3-643284918
S1-261642209	S2-498170125,S2-919581150,S3-853096152,S2-697514180,S2-409273301,S2-975502236,S2-540565178,S2-714315001,S3-764805204,S3-198586129,S2-595491693,S2-672191745,S2-580586919,S2-550697952,S2-470513530,S2-108012128,S2-169339199,S3-130545818,S2-425334082,S3-239848768,S2-549810915,S2-276569893,S2-583114929,S3-940611620,S3-382077226,S3-24193561,S3-219844340,S3-127741306,S2-878037834,S2-791121005,S3-797870133,S2-160823657,S3-852035874,S3-1062100,S3-978287417,S2-770493466,S2-977401479,S3-777809192,S3-423182087,S3-779949499
S1-262020943	S3-234659501,S2-234992726,S2-566025912,S3-198586129,S3-36348173,S3-928634282,S2-335122263,S2-580586919,S3-566490588,S2-75328302,S3-668979909,S2-483583787,S2-470513530,S2-243767830,S2-80030619,S3-735677932,S2-731994682,S2-435938329,S2-971378991,S2-199021860,S2-800542765,S3-971808781,S2-775523121,S2-982792981,S2-536451479,S2-399869899,S2-575142052,S2-30600243,S2-107820820,S2-292978314,S2-130168190,S2-843672634,S2-46119598,S2-413983703,S2-270257041,S3-198537118,S2-54275281,S3-482698711,S3-955767277,S2-596368087
S1-269094403	S3-219310212,S2-80295737,S2-951545184,S3-976233702,S3-900116490,S2-877133584,S2-127971493,S2-580586919,S2-313905133,S3-201326665,S3-267883217,S2-134952939,S3-775447058,S3-200553210,S3-715117209,S2-540182433,S3-311513626,S3-50374457,S3-505888372,S2-241023816,S2-459485143,S3-202030770,S2-525004536,S2-867094288,S2-598312557,S2-85144335,S3-742570614,S3-294231709,S3-857176159,S2-884102769,S3-153885777,S3-592033451,S3-20479494,S2-199451665,S3-343548922,S3-185659081,S3-122077614,S2-609571259,S2-378846408,S2-429414207
S1-269499779	S3-50374457,S3-336697476,S3-724869974,S2-142569598,S3-246690251,S3-389257885,S2-340448960,S3-810108097,S2-852042207,S3-736494730,S3-250853646,S3-236881445,S2-510842397,S2-201725895,S3-872177222,S3-742958433,S2-524196193,S2-255481825,S2-813365169,S2-541125444,S3-532782484,S2-232272231,S2-283264445,S2-759764530,S2-525004536,S2-655787096,S2-596368087,S2-893868016,S3-367727512,S2-290349597,S2-752481543,S3-510277949,S3-22649261,S3-976674051
S1-270951405	S3-882479923,S2-730055337,S2-671019678,S2-960602386,S3-177336223,S3-110214688,S2-30931575,S2-94145774,S3-369027389,S3-312512383,S3-454284148,S2-170890750,S3-872177222,S3-477682199,S3-422729132,S3-841734573,S2-830645124,S3-481758921,S3-693984318,S3-521921590,S3-841034461,S3-648964505,S3-130875511,S3-671697226,S2-633888738,S2-54101700,S3-286018627,S3-28336419,S3-488946172,S3-966230926,S2-673317537,S2-682305910,S3-217039093,S2-796991793,S2-313905133,S2-501534718,S2-55418957,S2-655787096,S3-506312560,S2-547792042
S1-273531258	S3-577972146,S3-891899299,S2-547439488,S3-867263634,S2-925400951,S3-198548382,S3-547831888,S3-570090257,S3-549736271,S3-367901084,S3-652441284,S3-273272215,S3-958487791,S2-179065185,S3-963242645,S3-754823586,S2-945687659,S3-70943176,S3-901997932,S2-77137709,S3-903689423,S2-662724974,S2-59040544,S3-945390736,S3-764653606,S2-469081581,S3-61589354,S2-434748052,S2-813354914,S3-927656784,S3-180537830,S3-532782484,S2-442169767,S3-810108097,S3-102882344,S3-2045650,S2-577711295,S3-970700897,S3-389257885,S2-851305685
S1-273693856	S2-245878292,S3-426534154,S3-900116490,S2-169727784,S2-70085549,S3-45364968,S2-374632896,S3-760959067,S3-606193838,S2-293341063,S2-357180028,S2-429414207,S3-943890721,S2-845010036,S3-333411132,S2-218619721,S2-681236478,S3-999219872,S2-269300058,S2-171518968,S2-85144335,S2-388192690,S2-388543405,S2-240202044,S2-589083365,S2-462866226,S2-416362828,S3-20479494,S2-781720719,S3-122077614,S3-298276174,S3-966021760,S2-395671932,S2-247144607,S3-775447058,S2-426549931,S3-100659662,S3-152598937,S2-867324975,S2-463756409
S1-273768056	S2-478128946,S2-878037834,S2-993515161,S2-127755733,S3-543902884,S3-290413216,S3-912471660,S3-41415156,S2-434748052,S2-476468994,S2-53149930,S3-897412541,S3-873113499,S3-937791576,S3-899716627,S2-392595553,S3-735677932,S3-703481876,S3-272775451,S2-965682240,S3-8200545,S2-894301935,S3-77632293,S3-889671181,S2-676069227,S2-747996032,S2-630783962,S2-269300058,S3-382243274,S3-305215419,S2-400493855,S3-191777631,S3-616747941,S3-797870133,S2-21907891,S3-818722089,S3-852035874,S2-108012128,S3-677352980,S3-505492976
S1-276402071	S2-977401479,S2-575142052,S3-580891382,S3-855282751,S3-566490588,S3-349819283,S3-234659501,S3-184433626,S3-146360385,S2-566025912,S2-595491693,S3-928634282,S3-157224914,S3-398663305,S2-335122263,S3-745785960,S3-226896868,S3-137807983,S2-445598380,S3-272775451,S2-326224715,S2-742018880,S3-306853514,S2-467501398,S3-957068009,S2-24099038,S2-775523121,S3-77632293,S2-982792981,S2-107820820,S2-878037834,S3-853096152,S3-191777631,S2-647945622,S2-506155991,S2-670917034,S2-21907891,S2-580586919,S3-818722089,S2-160823657
S1-279446676	S3-298091709,S2-877133584,S3-103232508,S2-627682672,S3-153885777,S2-929103679,S2-453562565,S3-495503601,S3-419085785,S3-347087196,S3-510277949,S3-316195809,S3-22649261,S2-960258531,S2-898849110,S2-33467562,S3-431726820,S2-850040932,S2-911310489,S3-999913674,S3-246690251,S2-806209738,S2-510842397,S2-786671109,S3-73958887,S3-216745957,S2-456952016,S3-227722749,S3-568974033,S3-415590169,S2-388192690,S3-904293301,S3-742570614,S3-518430580,S3-275013845,S3-913729161,S2-351519794,S2-636355308,S3-20479494,S3-514572990
S1-279963953	S3-326018425,S3-469354779,S2-234992726,S2-388543405,S3-481581345,S2-258612635,S2-666652825,S3-691294985,S3-916140155,S2-782078221,S2-125567446,S2-877531568,S2-317480348,S3-897412541,S2-204417353,S3-501171061,S2-225002758,S3-486371120,S3-316083080,S3-429040708,S3-325621631,S2-622752249,S2-577711295,S3-331873108,S2-471712099,S2-233626843,S3-863521415,S2-84473557,S3-391823164,S3-184174096,S2-598312557,S2-315775481,S3-989617472,S3-153388083,S3-904293301,S2-768679434,S3-45364968,S2-636355308,S2-462866226,S3-20479494
S1-280204013	S2-214939320,S3-116557348,S3-977845400,S3-185580229,S2-600460285,S3-106428443,S2-328922214,S3-260946793,S3-739484686,S3-915330451,S3-68589400,S2-789698410,S3-652287374,S3-773458342,S2-453562565,S2-138331307,S2-984790670,S2-424998513,S3-769518935,S2-704180517,S2-73309888,S2-692619586,S3-96366507,S3-615579872,S3-783337925,S2-63117139,S2-202662079,S3-819001322,S2-480897317,S3-945390736,S2-46119598,S3-231099763,S2-507168266,S2-672191745,S3-622017603,S2-169339199,S2-537184954,S2-872599903,S2-596368087,S2-563202302
S1-280936763	S3-70943176,S2-813354914,S3-219024394,S2-36390503,S2-801077041,S3-365545709,S3-986739557,S2-526493060,S2-867169728,S2-973495524,S3-961421742,S3-462677478,S2-308418230,S2-601767250,S2-725167020,S2-334939365,S3-810888025,S2-73196616,S3-498143635,S2-443595944,S2-590554293,S2-840964780,S3-48910651,S3-201326665,S3-33655295,S3-849725135,S3-651489735,S2-739997154,S2-442790965,S3-753179170,S2-290349597,S2-871650614,S3-464265492,S2-936916016,S2-991671297,S2-940730427
S1-287307821	S2-960258531,S3-622017603,S3-222306979,S2-61166243,S2-872782933,S2-833094944,S2-115402855,S2-394696306,S3-122077614,S2-861422809,S2-345568659,S3-955767277,S3-619003652,S2-835489415,S2-895992482,S3-399738814,S3-100799892,S3-488679255,S2-940559356,S3-661249181,S3-664669292,S3-769518935,S3-631466617,S2-193510687,S3-266018996,S2-536451479,S3-474644511,S3-237604674,S2-852042207,S2-750801102,S2-46119598,S3-231099763,S3-260946793,S2-334939365,S2-600460285,S3-810888025,S3-705828303,S3-159233685,S2-954075074,S3-895598264
S1-288364156	S3-96366507,S3-622017603,S2-363645478,S3-652287374,S3-967418953,S3-106428443,S2-328922214,S2-489476783,S2-783207344,S3-75303277,S2-733379415,S3-68589400,S3-250324284,S3-294208174,S2-789698410,S3-218566871,S3-361863410,S3-53926965,S2-393902595,S2-589730625,S2-424998513,S3-769518935,S3-754823586,S3-73755756,S2-692619586,S2-73309888,S3-615579872,S2-355864734,S3-474644511,S3-819001322,S2-899542587,S3-231099763,S2-46119598,S2-270257041,S2-469081581,S2-54275281,S3-532782484,S3-482698711,S2-22034959,S2-896768736
S1-288588262	S3-749494147,S2-506313032,S3-913729161,S2-679511832,S3-191484959,S2-547439488,S2-854425445,S3-75368171,S3-372085852,S2-733379415,S3-543902884,S2-476476786,S3-960416326,S3-61589354,S3-705752683,S3-957768361,S2-793482283,S3-59736918,S3-142722160,S3-579148893,S3-74764413,S3-521783865,S3-695502221,S3-646547625,S3-940611620,S2-536451479,S2-554899730,S2-696588819,S3-50281059,S3-674330070,S2-315775481,S2-553274633,S3-856896406,S2-726058757,S3-916140155,S3-20479494,S2-857504798,S3-77290626,S3-298276174,S2-222871632
S1-291584542	S3-376351604,S2-797348450,S3-74872076,S3-883789863,S2-719864134,S2-872782933,S2-951545184,S2-796991793,S2-406149845,S3-218566871,S3-61963480,S3-525615575,S3-294717043,S2-214168322,S3-649166684,S3-796280583,S2-851305685,S2-493543131,S2-923816782,S2-786671109,S2-85470349,S2-274269958,S2-895906111,S3-784451810,S3-10300249,S3-56481369,S2-450038746,S3-501478524,S2-871779147,S3-657521923,S3-61231549,S3-185580229,S2-600460285,S2-313905133,S2-167404095,S3-547831888,S3-329012794,S2-22034959,S2-596368087,S2-563202302
S1-292853265	S3-240733649,S2-199280788,S3-484994752,S3-530654091,S3-940132125,S2-322554268,S3-792430672,S2-589083365,S2-893716684,S2-636355308,S2-214494222,S2-648630388,S2-886358300,S2-419031945,S2-572629507,S2-426549931,S3-265204232,S3-239848768,S2-199021860,S3-890827221,S3-255577798,S2-973152754,S3-84748082,S2-560829432,S3-312413952,S2-666211711,S3-777737836,S3-256502380,S2-598312557,S2-768679434,S3-856896406,S3-518430580,S3-251522598,S3-20479494,S2-781720719,S3-185659081,S3-122077614,S2-977110544,S3-191731437,S3-501171061
S1-29387523	S2-519059543,S2-976793661,S3-469272577,S2-619044353,S2-471800381,S3-808387247,S3-257698168,S3-741835199,S3-892319511,S3-776500981,S2-562716881,S3-713591626,S3-606193838,S2-647740777,S2-218828004,S2-634395262,S3-331873108,S2-450192914,S3-166269529,S3-861554347,S3-162815052,S2-658886344,S3-381935731,S2-220512313,S2-168132027,S2-666211711,S3-574534442,S3-575850065,S2-780725709,S2-818031985,S2-85144335,S2-80295737,S2-239070834,S3-807090678,S2-589083365,S2-609571259,S2-293341063,S3-360310067,S3-514174091,S2-895992482
S1-295346696	S2-968505057,S3-839414204,S3-1062100,S3-572176821,S2-409273301,S3-182558974,S2-521049331,S2-704784114,S2-566025912,S2-595491693,S2-21907891,S2-983351215,S3-203608044,S3-290413216,S2-525391570,S3-923060037,S3-320542108,S2-938065576,S3-679747836,S2-468490076,S3-273272215,S3-84626078,S2-217900075,S2-560829432,S3-77632293,S2-676069227,S2-390533432,S3-887718222,S2-188368209,S2-340444360,S2-878037834,S3-191777631,S3-616747941,S3-821572423,S3-818722089,S3-852035874,S3-935965425,S3-505492976,S2-383030202,S2-585918330
S1-302219416	S3-431726820,S2-899542587,S3-610536355,S2-990903288,S3-74872076,S3-231099763,S2-867917626,S3-915330451,S3-683291192,S2-934716922,S3-572770613,S3-897412541,S2-52929474,S2-647740777,S3-674207500,S3-636367698,S2-905827553,S2-134952939,S2-91100310,S2-919585353,S3-198009537,S3-623589664,S3-658437431,S3-23781571,S2-192345572,S3-863521415,S3-795001586,S3-783337925,S2-63117139,S2-662724974,S2-843672634,S3-193324646,S2-106341849,S2-753618829,S2-627682672,S3-217039093,S3-908148625,S3-547831888,S3-643531990,S3-106514182
S1-302536542	S2-538322067,S3-927656784,S2-344390896,S2-577711295,S3-267516505,S2-719864134,S2-234992726,S2-221302335,S2-388543405,S3-916140155,S2-282913892,S2-199451665,S3-326018425,S2-317480348,S3-741815994,S2-861422809,S3-825290001,S2-867324975,S2-225122945,S2-33467562,S3-17568830,S3-378054173,S2-633888738,S2-274269958,S2-672392100,S3-784451810,S3-227725397,S2-537953677,S3-184174096,S3-317555456,S2-736586353,S2-46119598,S3-231099763,S2-469081581,S2-635662750,S3-217039093,S2-501534718,S3-312577481,S3-705752683,S3-478971264
S1-305324409	S3-665811613,S2-411773002,S2-206048699,S2-972087927,S2-439055696,S2-342655156,S3-150322987,S3-560657213,S3-776030941,S3-843493474,S3-812853393,S2-31694455,S3-298276174,S3-191731437,S2-734979295,S2-534182089,S3-745195971,S2-622752249,S3-100799892,S3-448698808,S2-980552823,S2-86137182,S3-115390426,S3-445101009,S2-714953620,S2-645330149,S3-878176472,S3-80840290,S3-16078484,S2-248821054,S2-854425445,S2-388192690,S3-372085852,S2-553274633,S2-240202044,S2-793082753,S3-611302121,S2-589083365,S2-558638291,S2-938316135
S1-307277652	S2-347507840,S2-379810610,S2-204417353,S2-127755733,S3-360310067,S2-416962807,S3-776030941,S3-311994839,S2-972087927,S3-316083080,S3-120319456,S2-793082753,S2-331483512,S3-78681427,S2-31694455,S3-918266000,S3-486371120,S2-835489415,S3-166269529,S3-23781571,S2-467863016,S2-136704136,S2-104187102,S3-335312367,S2-241023816,S2-815181762,S3-972533463,S2-384601270,S3-568974033,S3-995796854,S2-737499898,S2-234992726,S2-235259222,S2-877531568,S2-374632896,S3-640539120,S2-663959226,S2-225002758,S3-775447058,S3-46611218
S1-308199161	S2-727695265,S3-515717408,S2-518383016,S2-634571997,S3-773458342,S3-583976846,S3-347087196,S3-45395949,S2-153022216,S2-435938329,S3-700534009,S3-287107415,S2-933724724,S3-460759790,S3-631466617,S2-424599024,S3-844042071,S2-592412285,S3-267108456,S3-348068567,S2-530685908,S3-320488619,S2-843672634,S2-526493060,S3-891899299,S2-753618829,S3-675201184,S3-312577481,S2-947896922,S2-906594195,S2-80030619,S3-810108097,S3-448698808,S3-333411132,S2-853578683,S2-686535448,S3-965405807,S2-81665438,S2-851305685,S3-288440193
S1-311511012	S2-781720719,S2-993515161,S3-385379120,S3-976233702,S2-816523255,S2-955629599,S2-55418957,S2-696588819,S3-835032939,S2-508597312,S3-460948462,S2-634068583,S2-878037834,S3-866935454,S2-400493855,S3-191777631,S3-616747941,S2-160823657,S3-852035874,S3-935965425,S3-1062100,S3-505492976,S2-383030202,S2-585918330,S3-282633530,S3-978287417,S2-412254468,S2-823495263,S2-23519898,S2-20798878,S3-306853514,S2-467501398,S2-613021953,S2-64479721,S2-770341988,S2-409273301,S2-975502236,S3-432126489,S2-438565549,S2-305637735
S1-313092170	S3-622017603,S2-750801102,S2-918973885,S2-175042336,S3-294208174,S3-122077614,S2-861422809,S2-345568659,S3-619003652,S2-916015676,S2-80030619,S2-771719189,S2-858333878,S2-370796080,S2-938065576,S3-435130814,S3-965405807,S3-664669292,S3-769518935,S3-631466617,S2-276569893,S2-193510687,S2-945687659,S3-474644511,S3-222306979,S2-657995058,S2-130168190,S2-899542587,S2-852042207,S3-231099763,S2-46119598,S2-270257041,S2-102506722,S2-652960468,S3-810888025,S2-501534718,S2-286973338,S3-329012794,S3-717745791,S2-298648749
S1-317114355	S2-867917626,S2-157009014,S2-8736718,S2-91100310,S2-582157971,S3-666943106,S2-872782933,S3-552599122,S3-919029749,S3-194049640,S2-127755733,S2-568886805,S2-983351215,S2-562716881,S3-514174091,S3-695341943,S3-219206801,S2-898536195,S2-206048699,S2-336500242,S3-481758921,S2-33428201,S3-779949499,S3-461733052,S2-7365596,S2-54101700,S2-888652626,S3-266018996,S3-236200942,S2-51615186,S2-947273350,S2-736586353,S3-689205085,S2-46119598,S2-342025906,S3-517069981,S2-635662750,S3-776500981,S3-112556658,S3-100363030
S1-317707487	S3-796280583,S3-971063817,S2-598312557,S3-741835199,S3-857176159,S2-638268338,S3-827776680,S2-809665812,S3-677098350,S2-60538009,S3-61963480,S3-822184939,S3-525615575,S2-303061871,S2-206048699,S2-962455440,S2-439055696,S2-269204507,S3-96054713,S2-737024848,S2-938169179,S2-797348450,S2-856802130,S2-741133761,S3-506705579,S2-300060087,S2-123627795,S2-383876604,S2-949729542,S2-871779147,S3-808387247,S3-45364968,S3-856022427,S3-175964530,S2-682586639,S2-636355308,S3-481434145,S2-246629472,S2-419031945,S2-247144607
S1-317928365	S3-589030069,S2-253674303,S2-415633307,S3-683291192,S2-919581150,S3-193324646,S3-976233702,S2-913930320,S2-245878292,S2-872599903,S3-73755756,S3-797870133,S2-195657644,S2-574951813,S3-915330451,S3-534004445,S2-24099038,S2-634068583,S3-231099763,S3-891899299,S2-469081581,S3-217039093,S2-94145774,S2-175042336,S3-478971264,S2-54275281,S3-958955314,S3-688194826,S2-655787096,S2-649569032,S3-967418953,S2-442169767,S3-810108097,S3-815796924,S3-649166684,S3-573076105,S2-851305685,S2-335659628,S2-923816782,S2-276569893
S1-32131273	S2-598312557,S2-768679434,S3-237604674,S2-123627795,S3-445543631,S3-776030941,S2-793482283,S2-60538009,S3-268657388,S2-429414207,S2-206048699,S2-534182089,S2-972087927,S3-506810019,S3-100799892,S3-96054713,S3-971063817,S2-703096481,S2-980552823,S2-318808106,S2-938169179,S2-728794279,S2-268807777,S3-506705579,S3-282321912,S3-22088661,S2-949729542,S2-411773002,S2-744098365,S2-103781604,S3-989617472,S3-615493175,S3-904293301,S2-553274633,S3-249624801,S3-442566277,S3-175964530,S2-462866226,S3-20479494,S3-668629842
S1-323395452	S2-166809876,S2-516174026,S2-191311189,S3-671697226,S2-598312557,S2-940366297,S2-877133584,S3-497775376,S2-186325301,S2-434748052,S3-180537830,S2-60538009,S3-652123162,S3-217903829,S2-434336539,S3-636367698,S2-258890831,S3-317441331,S3-651475258,S2-318808106,S2-307656815,S2-741133761,S2-260494879,S2-744098365,S2-191963917,S2-56354930,S2-974333160,S3-749411518,S2-103781604,S3-825495383,S3-883789863,S2-526493060,S2-328922214,S2-27508375,S3-891899299,S2-918973885,S2-789698410,S2-54275281,S2-576702297,S3-96795509
S1-32767080	S2-348692468,S2-268861424,S2-526493060,S2-797828425,S2-46119598,S3-231099763,S3-521066083,S2-342025906,S2-270257041,S2-897338634,S3-623750247,S2-469081581,S2-625633367,S2-744323706,S2-73196616,S2-292567038,S2-411272285,S2-501534718,S2-54275281,S2-673373120,S2-541125444,S2-537184954,S3-505170939,S2-761407187,S2-238118051,S3-54779552,S3-853414998,S2-298648749,S2-596441431,S2-141980176,S2-940730427,S2-514820746
S1-327983313	S2-773257998,S3-801858031,S3-448698808,S2-630672871,S2-22034959,S2-767997013,S2-925400951,S3-289000533,S3-525615575,S3-945390736,S3-641559642,S3-481551569,S2-652123638,S2-654562074,S2-22799180,S2-185048111,S3-246690251,S3-619003652,S3-73958887,S2-481572644,S3-576431503,S3-447259837,S3-662721327,S3-503430799,S2-46119598,S3-231099763,S3-941638500,S3-532782484,S3-521066083,S2-648203570,S3-480075397,S3-623750247,S2-748828746,S3-380113570,S2-334939365,S2-744323706,S3-661238925,S2-956479781,S3-220575318,S2-411272285
S1-333194875	S2-468490076,S3-745785960,S3-226896868,S2-292978314,S2-649702926,S3-184433626,S3-989976791,S3-928634282,S3-275013845,S3-20762321,S3-559022742,S2-983351215,S2-525391570,S2-813354914,S2-247144607,S3-137807983,S3-320542108,S2-742018880,S2-938065576,S3-306853514,S2-467501398,S3-957068009,S2-24099038,S2-217900075,S3-77632293,S3-148461291,S3-355441686,S3-919632385,S2-390533432,S3-572176821,S3-234659501,S2-878037834,S2-566025912,S3-971111671,S2-342790091,S3-534004445,S2-160823657,S3-727698517,S2-816523255,S3-505492976
S1-334574390	S3-628663985,S2-498001172,S2-819778009,S2-352215857,S3-119839576,S2-342720491,S2-239070834,S2-336500242,S3-16078484,S3-950165485,S3-797598442,S2-595735456,S2-136704136,S3-354195606,S2-491551718,S3-179214561,S2-823489243,S3-68321827,S2-702263933,S2-2920056,S2-348692468,S2-489476783,S2-351055128,S2-739997154,S2-80200813,S2-220512313,S3-576703765,S3-927491453,S2-43134338,S2-440207111,S2-895992482,S2-952382616,S3-23492958,S2-127755733,S2-204417353,S2-980552823,S2-399869899,S2-416962807,S3-691294985,S3-540093376
S1-334672926	S2-374632896,S3-92755938,S3-819591530,S2-752369607,S3-44375592,S2-446761313,S3-916140155,S2-638268338,S2-167404095,S3-144784336,S2-232181140,S2-721675766,S3-124578688,S3-419085785,S3-486371120,S2-989542032,S3-394633347,S3-293567316,S3-679747836,S3-999913674,S2-779040268,S3-82573141,S2-668787001,S2-241023816,S2-277168615,S3-46662325,S2-390533432,S3-797598442,S3-900511946,S2-442251246,S3-99392192,S3-119839576,S2-127755733,S2-235259222,S2-884102769,S2-462866226,S2-550738304,S2-293341063,S2-204417353,S3-311994839
S1-336786786	S3-631466617,S2-641777383,S3-870558068,S3-976515721,S2-85144335,S3-153388083,S2-234992726,S2-799457326,S3-743187888,S2-857504798,S2-914966490,S3-122077614,S3-918266000,S2-861422809,S3-2378515,S2-345568659,S3-937791576,S3-574587263,S3-664669292,S2-911310489,S2-450192914,S3-349679455,S3-319252793,S2-549810915,S2-193510687,S3-68321827,S2-708532933,S3-932686955,S2-495604525,S2-103781604,S2-315775481,S3-755180834,S2-388543405,S2-793082753,S2-682586639,S2-938316135,S3-124578688,S3-339481146,S3-822184939,S2-731994682
S1-337122273	S2-85084966,S3-50374457,S3-336697476,S3-843493474,S3-155795126,S2-491607559,S2-450192914,S3-651489735,S3-657919288,S3-833970055,S2-663700902,S3-662721327,S2-843672634,S3-52817413,S2-89239695,S3-872177222,S2-483583787,S2-463366311,S3-895598264,S3-264170444,S2-22034959,S2-655787096,S2-298648749,S3-722084081,S3-736494730,S2-851305685,S3-70761478,S3-267516505,S2-524196193,S3-844042071,S2-813365169,S2-541125444,S2-525004536,S3-271028931,S2-275110987,S2-752481543,S2-185241768
S1-337798606	S2-432415976,S3-340374288,S3-184433626,S3-448349907,S3-928634282,S3-20762321,S3-66509585,S2-199451665,S3-514572990,S2-357180028,S3-695341943,S3-745785960,S3-447259837,S2-975659148,S3-429040708,S3-80086277,S3-740622432,S2-370796080,S3-265204232,S2-467501398,S3-380230383,S2-938169179,S2-543623385,S2-342720491,S2-681236478,S2-24099038,S2-56939673,S3-558285322,S2-411773002,S3-237604674,S2-598312557,S2-722510752,S2-854425445,S3-99392192,S2-768679434,S2-240202044,S3-45364968,S2-462866226,S2-416362828,S2-781720719
S1-338401200	S3-843493474,S3-155795126,S3-547831888,S2-663700902,S2-815721073,S3-657919288,S2-127971493,S2-975291397,S3-908148625,S2-896940804,S3-833970055,S3-662721327,S3-703481876,S3-198009537,S2-491607559,S3-606815816,S2-450192914,S2-308418230,S2-503434250,S2-85084966,S2-630783962,S3-436480804,S3-651489735,S3-870588828,S2-818031985,S2-199559681,S2-940366297,S2-106341849,S3-217039093,S2-550697952,S2-313905133,S3-705752683,S3-927656784,S3-643531990,S2-22034959,S3-220702244,S2-655787096,S2-80030619,S2-349043036,S3-102882344
S1-339015166	S2-576201028,S3-749350856,S2-22799180,S2-290816981,S3-705276886,S3-935965425,S3-355506507,S3-985177020,S2-491551718,S3-89438677,S3-62187351,S2-322554268,S3-462677478,S2-169727784,S3-934577839,S2-562037907,S2-550277993,S2-871650614,S2-214939320,S2-797828425,S2-999853272,S2-535612524,S2-920919608,S2-268807777,S2-458501788,S2-431261713,S3-446947930,S2-255481825,S3-48910651,S2-979536106,S3-501061754,S3-386500136,S3-8091833,S3-433030934,S3-913818358,S2-839110260,S3-630998672,S2-875724478,S2-190625204
S1-339269492	S3-568974033,S2-141345465,S3-689974753,S2-269915770,S2-187095631,S3-45364968,S2-429414207,S2-769905076,S3-405589108,S3-448349907,S2-553274633,S3-417315037,S2-245878292,S2-476476786,S2-175042336,S3-191484959,S2-562716881,S2-462866226,S3-326018425,S2-293341063,S2-357180028,S3-833970055,S2-439055696,S3-380230383,S3-166269529,S3-160961194,S3-7528752,S2-220512313,S2-269300058,S2-818031985,S3-666943106,S2-308862519,S2-705903019,S3-892319511,S2-991288907,S2-92128471,S2-378846408,S3-922632740,S3-219206801,S3-80086277
S1-345501851	S2-878037834,S3-889671181,S3-31888634,S3-620755797,S3-743825885,S3-8200545,S2-704784114,S3-802883757,S2-595491693,S3-367504316,S3-869217790,S2-335122263,S3-492718178,S3-203608044,S2-108012128,S2-816523255,S3-1062100,S3-28391425,S2-441692657,S3-272775451,S2-482993395,S2-938065576,S2-965682240,S3-273272215,S3-737363811,S3-824732621,S2-478128946,S2-188368209,S2-340444360,S3-776731848,S3-200532536,S2-400493855,S3-561839301,S3-616747941,S3-961706443,S3-818722089,S2-955876497,S3-852035874,S3-935965425,S2-697514180
S1-346760887	S2-442169767,S2-851305685,S3-175443554,S3-610536355,S3-739484686,S2-877133584,S2-550697952,S3-78200790,S3-478971264,S2-434748052,S3-268628840,S3-180537830,S3-53926965,S2-634068583,S2-582157971,S2-936193093,S3-173398261,S2-179065185,S2-991613543,S3-219041197,S2-895906111,S2-123627795,S2-232272231,S2-470617752,S2-303037664,S3-651489735,S3-383620013,S3-324762151,S3-29698559,S3-244285,S2-526493060,S2-46119598,S3-231099763,S2-673317537,S3-217039093,S2-313905133,S3-532782484,S2-124355652,S2-298648749,S3-810108097
S1-346777444	S2-257520714,S3-45364968,S2-245878292,S3-481581345,S3-657919288,S3-776030941,S3-691294985,S2-782078221,S2-702263933,S2-232181140,S2-293341063,S2-357180028,S2-429414207,S3-775447058,S2-370796080,S2-450192914,S3-101242901,S3-576703765,S3-214982367,S2-138070868,S2-395311167,S2-300060087,S3-870558068,S3-240733649,S3-540353197,S2-269300058,S2-51615186,S2-292978314,S3-16796141,S3-320488619,S2-85144335,S2-80295737,S2-768679434,S2-700195651,S2-568886805,S2-530061167,S3-668979909,S2-240825627,S2-395778865,S3-738758511
S1-34932143	S3-509181603,S3-547831888,S3-10300249,S2-734979295,S3-294717043,S3-317555456,S3-657521923,S3-883789863,S3-74872076,S2-719864134,S3-703660917,S2-796991793,S3-527612989,S3-713591626,S3-61963480,S3-525615575,S3-879002896,S2-214168322,S3-649166684,S2-493543131,S2-797348450,S3-577972146,S2-786671109,S2-85470349,S3-572432762,S3-378054173,S3-56481369,S2-450038746,S3-501478524,S2-871779147,S2-130168190,S3-867263634,S2-843672634,S2-46119598,S3-193324646,S2-469081581,S2-827722721,S3-532782484,S3-430128111,S2-80030619
S1-349698918	S2-395671932,S3-916140155,S2-80295737,S2-704784114,S2-344390896,S3-275013845,S2-199451665,S3-760959067,S2-376908945,S3-316195809,S2-972087927,S2-867324975,S2-574723490,S3-166269529,S3-852602832,S2-633888738,S3-391823164,S2-459485143,S3-382328733,S2-888262336,S2-51615186,S3-215199655,S3-674330070,S2-547439488,S2-342655156,S2-388192690,S2-240202044,S3-78681427,S2-589083365,S2-351519794,S2-416362828,S2-781720719,S3-122077614,S2-416493275,S3-298276174,S2-938316135,S2-378846408,S2-378555943,S3-603130097,S2-583840796
S1-351656683	S3-971111671,S3-234659501,S2-158121477,S2-993515161,S2-705903019,S2-566025912,S3-198586129,S2-908079681,S3-367504316,S3-561839301,S3-928634282,S2-229203598,S2-335122263,S2-580586919,S2-376908945,S3-899716627,S2-425334082,S2-70822028,S2-262646344,S3-959298060,S3-944195300,S2-971378991,S3-381189652,S2-982792981,S3-620755797,S2-575142052,S2-554899730,S3-24193561,S2-107820820,S2-991545286,S2-704784114,S2-750817241,S2-400493855,S3-616747941,S3-398663305,S3-961706443,S2-160823657,S2-955876497,S3-952935394,S3-409858322
S1-352595333	S3-807090678,S2-704784114,S2-673317537,S2-275882814,S2-758493682,S2-357438552,S2-934716922,S2-582539737,S2-813354914,S3-683741745,S3-2378515,S3-619003652,S3-593981074,S3-693984318,S2-463756409,S2-686535448,S2-911375648,S3-841034461,S3-884473350,S3-164184713,S2-858213429,S2-459485143,S3-501061754,S2-177873237,S3-69683574,S3-221443476,S2-932162073,S3-819001322,S2-77137709,S3-621025700,S2-315775481,S2-388192690,S2-476476786,S2-298281864,S3-912471660,S2-977110544,S2-938316135,S2-647740777,S2-134952939,S2-962455440
S1-35309228	S3-466523313,S2-375151053,S3-445543631,S3-657235525,S3-238774081,S2-748040994,S2-331483512,S3-683556089,S3-249624801,S2-950950353,S3-622017603,S3-122077614,S2-418963724,S2-187743820,S2-345568659,S2-583840796,S3-239848768,S3-664669292,S3-769518935,S2-278570858,S3-714863745,S2-862000237,S2-193510687,S2-104187102,S3-341799280,S3-391823164,S2-595265518,S3-222306979,S3-474644511,S2-103781604,S2-598312557,S2-315775481,S2-722510752,S3-615493175,S3-153388083,S3-904293301,S3-45364968,S3-153885777,S2-92128471,S2-857504798
S1-355078971	S2-649569032,S3-801858031,S3-246690251,S2-22034959,S2-597634181,S3-576431503,S2-550697952,S3-478971264,S3-741815994,S3-486437817,S3-683741745,S3-422729132,S3-289000533,S2-905827553,S3-662721327,S3-825290001,S2-225122945,S3-652441284,S3-374810425,S2-510842397,S2-335659628,S3-573605691,S3-378054173,S2-54101700,S3-219041197,S3-784451810,S3-227725397,S3-537298639,S3-945390736,S2-25830538,S3-231099763,S2-46119598,S2-744323706,S3-217039093,S2-94145774,S2-175042336,S2-501534718,S3-329012794,S3-532782484,S2-124355652
S1-35578091	S3-815796924,S3-521921590,S3-217903829,S3-106514182,S2-388594236,S2-578484139,S2-412565852,S3-605289520,S2-70085549,S3-112556658,S2-462183999,S2-169339199,S2-906594195,S2-853058328,S3-726772995,S3-693984318,S3-425007676,S2-313955120,S3-50374457,S2-575952928,S3-813547907,S2-119647643,S2-6860805,S2-442251246,S3-231099763,S2-46119598,S3-310059196,S2-600460285,S3-180087778,S3-895598264,S3-180537830,S3-958955314,S2-96867962,S2-771719189,S2-442169767,S3-810108097,S3-116557348,S2-867169728,S3-925061722,S3-389257885
S1-358927120	S2-899542587,S3-610536355,S2-990903288,S2-577684356,S3-74872076,S2-872782933,S3-515717408,S2-518383016,S2-927555880,S2-340880073,S2-127971493,S2-572406967,S3-773458342,S3-45395949,S3-815796924,S3-700534009,S3-287107415,S3-173398261,S3-460759790,S3-623589664,S3-658437431,S2-424599024,S2-192345572,S2-592412285,S3-267108456,S3-348068567,S3-376351604,S2-154961257,S2-991671297,S3-900511946,S2-46119598,S3-900116490,S3-185580229,S2-634571997,S2-556607231,S3-361863410,S3-210636387,S2-283264445,S2-596368087,S3-106514182
S1-36048451	S2-773257998,S3-448698808,S2-654562074,S2-185048111,S2-630672871,S3-227725397,S2-767997013,S2-925400951,S3-525615575,S3-641559642,S3-73958887,S3-481551569,S2-8736718,S2-841642984,S2-652123638,S2-370796080,S3-664467546,S2-56939673,S2-187909971,S2-730055337,S2-411773002,S2-80030619,S2-432415976,S2-672191745,S3-626034570,S3-289000533,S2-543623385,S3-576431503,S3-447259837,S2-975659148,S3-883789863,S3-810108097,S3-941638500,S2-813354914,S2-424998513,S2-795335462,S2-169339199,S2-648203570,S3-573076105,S2-851305685
S1-365170694	S3-317555456,S3-374810425,S3-10300249,S3-74872076,S3-231099763,S3-180087778,S3-78200790,S2-796753102,S3-527612989,S2-317480348,S3-927656784,S2-734979295,S3-294717043,S3-509181603,S2-214168322,S3-431726820,S2-871683148,S2-577711295,S2-493543131,S3-652441284,S3-267516505,S2-85470349,S3-572432762,S2-538322067,S3-219041197,S2-274269958,S2-672392100,S3-501478524,S3-885210293,S3-657521923,S2-719864134,S2-562037907,S3-310059196,S3-198537118,S2-501534718,S3-532782484,S2-36390503,S2-298648749,S3-825290001,S2-657508123
S1-366528589	S3-46662325,S3-382870603,S2-950272526,S3-474644511,S3-70211138,S2-947273350,S2-127755733,S2-801077041,S2-210791875,S2-400190057,S2-813354914,S3-705276886,S2-36390503,S3-604980231,S2-271875776,S3-98855106,S3-102882344,S3-265204232,S3-219024394,S3-648964505,S2-973152754,S2-714953620,S2-424138639,S3-70943176,S3-267108456,S2-491343764,S2-836328205,S3-549298,S2-662724974,S2-874952494,S3-867263634,S3-689205085,S2-867917626,S3-44375592,S2-80200813,S3-286512684,S2-918973885,S2-313905133,S3-640539120,S3-430128111
S1-368898506	S3-999219872,S3-446409255,S2-776933635,S3-837926466,S2-190625204,S3-516583759,S3-170245253,S2-169727784,S2-340880073,S2-600460285,S3-714598410,S3-983240092,S3-580736465,S3-582435641,S3-158901285,S2-153968942,S3-482698711,S3-98186645,S3-448698808,S3-116557348,S2-630672871,S3-961421742,S3-841034461,S2-621647415,S2-641374867,S2-817276686,S2-202662079,S3-380113570,S2-875724478,S2-769531847,S3-231099763,S2-46119598,S2-321067876,S2-744323706,S3-329012794,S3-741815994,S2-22034959,S2-442169767,S3-872013487,S2-514820746
S1-368908513	S2-583840796,S2-112287031,S2-750801102,S3-742526233,S3-249624801,S3-743187888,S2-857504798,S2-641777383,S3-918266000,S2-710233773,S3-937791576,S3-738758511,S2-634395262,S3-736148715,S3-712130770,S3-796280583,S2-450192914,S3-349679455,S3-401631450,S2-549810915,S2-574951813,S3-714863745,S3-969662978,S2-862000237,S3-68321827,S3-976515721,S2-495604525,S2-103781604,S2-854425445,S2-553274633,S3-657235525,S2-240202044,S3-742570614,S3-857176159,S3-20762321,S2-589083365,S3-279953500,S2-562716881,S2-637391186,S3-122077614
S1-369896511	S3-776030941,S2-206048699,S2-972087927,S2-426549931,S2-342655156,S3-560657213,S3-792430672,S2-589083365,S3-843493474,S3-812853393,S2-636355308,S2-394696306,S2-648630388,S2-734979295,S2-241220505,S2-534182089,S2-895992482,S3-448698808,S3-100799892,S3-265204232,S3-239848768,S2-980552823,S2-199021860,S2-973152754,S3-84748082,S2-199280788,S3-312413952,S3-878176472,S2-411773002,S2-248821054,S3-372085852,S2-700195651,S3-742570614,S3-836337426,S3-611302121,S3-481434145,S2-400190057,S2-699920476,S3-514572990,S3-668629842
S1-370806262	S2-977110544,S3-36348173,S2-298281864,S2-519059543,S3-764805204,S3-257698168,S2-102506722,S2-6860805,S3-559022742,S2-981369013,S3-198548382,S3-191731437,S2-647740777,S3-636367698,S2-70822028,S2-795525631,S3-971063817,S3-431726820,S3-331873108,S2-450192914,S3-380230383,S2-658886344,S2-730294781,S2-477732440,S2-168132027,S3-901997932,S2-171518968,S2-662724974,S3-729562750,S3-945390736,S2-315775481,S2-854425445,S2-388192690,S2-240202044,S3-45364968,S2-365604487,S2-781720719,S2-394696306,S3-668629842,S2-240825627
S1-377916068	S3-358432918,S3-288440193,S3-841734573,S2-86010362,S2-872782933,S2-106341849,S3-542159634,S2-947896922,S3-185659081,S2-464227034,S3-61963480,S3-220702244,S2-336821634,S3-962607637,S2-393902595,S3-96795509,S2-898849110,S2-984790670,S3-173398261,S2-577711295,S2-574951813,S3-245921597,S2-600860109,S3-323904182,S3-219041197,S2-895906111,S2-177873237,S3-365302134,S2-578788567,S2-154961257,S2-46119598,S3-231099763,S3-260946793,S2-600460285,S3-180087778,S3-497775376,S3-895598264,S3-532782484,S2-169339199,S2-872599903
S1-378191895	S3-294717043,S3-649166684,S2-214168322,S3-483958914,S3-74872076,S3-883789863,S2-719864134,S3-919029749,S2-796991793,S3-268628840,S3-61963480,S2-734979295,S2-429414207,S3-525615575,S2-157009014,S2-91100310,S3-481758921,S2-576201028,S2-493543131,S2-797348450,S2-786671109,S2-85470349,S2-205836707,S3-10300249,S3-56481369,S2-450038746,S3-501478524,S2-871779147,S3-317555456,S3-657521923,S3-454284148,S2-46119598,S3-193324646,S3-503430799,S2-810688876,S3-217039093,S2-313905133,S3-532782484,S3-958955314,S3-643531990
S1-37907520	S3-693984318,S3-521921590,S2-424998513,S2-621647415,S3-217903829,S3-636367698,S2-388594236,S3-509005412,S2-578484139,S2-412565852,S3-605289520,S2-70085549,S2-160823657,S3-112556658,S3-652287374,S2-462183999,S2-169339199,S2-485885002,S3-726772995,S2-412254468,S3-425007676,S3-306853514,S2-333148428,S2-313955120,S3-50374457,S3-813547907,S2-107820820,S2-6860805,S3-481551569,S2-442251246,S3-764653606,S3-52817413,S2-600460285,S3-908148625,S3-180537830,S3-876305239,S2-663700902,S3-590749550,S3-872013487,S3-810108097
S1-381894503	S3-942611768,S3-876305239,S2-442169767,S3-927491453,S3-610536355,S3-976233702,S3-900116490,S2-550697952,S3-78200790,S3-478971264,S3-705752683,S3-268628840,S3-53926965,S3-142722160,S2-634068583,S3-200553210,S2-582157971,S2-936193093,S3-173398261,S2-779040268,S3-82573141,S2-179065185,S3-729575875,S2-991613543,S3-505888372,S2-895906111,S2-470617752,S2-303037664,S2-525004536,S3-324762151,S2-46119598,S2-877133584,S3-497775376,S3-895598264,S3-180537830,S3-532782484,S3-958955314,S3-636367698,S2-896768736,S3-810108097
S1-382076507	S2-899542587,S2-225122945,S3-623589664,S2-146545453,S3-217903829,S2-905827553,S3-683291192,S3-231099763,S2-867917626,S3-572770613,S3-431726820,S2-919585353,S3-795001586,S3-783337925,S2-63117139,S3-674207500,S3-636367698,S3-540093376,S2-258890831,S2-91100310,S3-883789863,S3-689205085,S2-46119598,S2-27508375,S3-282781652,S2-753618829,S2-810688876,S3-837926466,S2-906594195,S3-922191827,S3-967418953,S2-442169767,S3-333411132,S2-53062433,S3-965405807,S3-389257885,S2-851305685,S3-288440193,S3-279361924,S2-477732440
S1-382212549	S2-424031278,S3-216745957,S3-483958914,S2-86010362,S2-872782933,S3-773911112,S2-106341849,S3-900116490,S3-973665746,S3-640539120,S2-947896922,S2-464227034,S3-125349995,S3-613147989,S3-347087196,S3-579148893,S3-399738814,S2-898849110,S2-984790670,S2-402758956,S2-574951813,S2-894301935,S2-503434250,S2-341862186,S3-323904182,S3-96366507,S3-219041197,S2-895906111,S3-266018996,S2-578788567,S2-146545453,S2-80200813,S3-217039093,S3-312577481,S2-796753102,S3-895598264,S3-643531990,S2-296645299,S3-172493361,S3-976674051
S1-383508132	S3-234659501,S3-889671181,S3-505492976,S3-28391425,S2-107820820,S3-580891382,S2-21907891,S3-818722089,S2-521049331,S2-566025912,S3-944706854,S3-928634282,S3-869217790,S2-335122263,S3-492718178,S3-477828510,S3-611106860,S2-582539737,S3-55314584,S2-392595553,S2-770493466,S3-959298060,S2-645886241,S3-868511151,S2-601469928,S3-607404491,S3-729285481,S3-148461291,S2-982792981,S3-305215419,S3-181925627,S2-878037834,S2-975631805,S2-336076880,S2-955876497,S2-383030202,S3-136619053,S2-412254468,S3-712130770,S2-977401479
S1-385569722	S3-509181603,S3-10300249,S2-734979295,S3-317555456,S3-657521923,S3-74872076,S3-883789863,S2-719864134,S3-448349907,S3-703660917,S2-796991793,S2-630486694,S3-527612989,S3-61963480,S2-479477181,S2-429414207,S3-525615575,S3-294717043,S2-902499230,S2-214168322,S3-649166684,S2-493543131,S2-797348450,S2-786671109,S2-85470349,S3-572432762,S3-56481369,S2-450038746,S3-501478524,S2-871779147,S2-46119598,S2-169727784,S2-827722721,S2-672191745,S3-159233685,S3-532782484,S2-169339199,S2-124355652,S3-430128111,S2-858333878
S1-385801270	S3-290413216,S3-409858322,S3-630840237,S2-676069227,S2-697514180,S2-613021953,S3-873113499,S2-975502236,S3-978287417,S2-917596702,S2-993515161,S3-543902884,S3-41415156,S2-53149930,S3-852035874,S2-376908945,S2-392595553,S3-735677932,S2-412254468,S3-643284918,S2-468490076,S2-540565178,S3-831127676,S2-575142052,S2-630783962,S2-339363122,S2-478128946,S3-305215419,S3-887718222,S3-621025700,S2-704784114,S2-750817241,S2-400493855,S3-191777631,S3-616747941,S2-955876497,S3-952935394,S3-677352980,S3-935965425,S2-823495263
S1-389115869	S3-106428443,S2-519059543,S2-578484139,S3-808387247,S3-568974033,S3-257698168,S2-175042336,S2-394696306,S2-647740777,S3-833970055,S2-634395262,S3-405589108,S3-521066083,S3-331873108,S2-613021953,S2-450192914,S2-976793661,S3-958487791,S3-861554347,S3-7528752,S2-207439352,S3-689974753,S2-369987552,S2-666211711,S2-804364266,S2-168132027,S2-262622446,S2-56354930,S2-498170125,S2-974333160,S2-526493060,S2-46119598,S2-235829911,S3-310059196,S3-812853393,S3-705828303,S2-936916016,S3-565540615,S2-298648749,S3-976674051
S1-391244573	S3-116557348,S3-741815994,S3-260946793,S2-919585353,S2-202662079,S2-600460285,S3-330359437,S3-106428443,S2-328922214,S3-739484686,S2-106341849,S2-256206990,S3-915330451,S3-516583759,S2-789698410,S3-652287374,S3-773458342,S2-214939320,S2-138331307,S2-424998513,S3-769518935,S2-704180517,S2-574951813,S2-424599024,S2-692619586,S2-73309888,S3-96366507,S2-63117139,S3-819001322,S2-188979997,S3-986739557,S3-231099763,S3-503430799,S2-321067876,S3-895598264,S3-180537830,S3-482698711,S3-217903829,S3-717745791,S2-896768736
S1-394334841	S3-234011238,S3-454284148,S2-497654662,S2-872782933,S2-530061167,S2-246629472,S3-872205830,S2-199451665,S2-365487618,S3-61963480,S3-525615575,S3-510277949,S3-796280583,S2-797348450,S2-329140637,S2-706548751,S3-626087419,S3-784451810,S3-467435512,S2-170244057,S3-382243274,S2-871779147,S2-896940804,S2-598312557,S3-99392192,S2-388192690,S3-615493175,S2-553274633,S3-518430580,S3-442566277,S3-559022742,S3-153885777,S2-462866226,S3-20479494,S3-543939305,S3-191731437,S2-395671932,S3-147393075,S2-572629507,S2-235569498
S1-394925431	S2-248821054,S2-845107728,S3-100659662,S2-388192690,S3-152598937,S2-940559356,S2-388543405,S3-657235525,S2-240202044,S3-742570614,S2-409717420,S3-450367692,S3-857176159,S3-385365835,S2-275369766,S2-589083365,S2-975291397,S2-974757357,S2-407447896,S3-716879886,S3-595840838,S3-940251367,S3-606193838,S2-965432715,S2-917258438,S2-40876366,S2-938316135,S2-262622446,S3-695341943,S2-966023861,S3-907381535,S2-426549931
S1-395055615	S3-664158078,S3-615493175,S3-77290626,S3-125349995,S2-419031945,S2-960258531,S2-341862186,S2-315775481,S2-682586639,S3-716879886,S3-690589208,S2-416493275,S2-977110544,S2-938316135,S2-247144607,S3-695341943,S3-775455620,S2-420681243,S2-877804843,S3-152598937,S2-706321668,S2-17102176,S3-681673434,S3-385365835,S3-445101009,S2-123684620,S3-646547625,S2-836553957,S3-103896935,S3-69683574,S2-205836707,S2-801684160,S2-917258438,S3-574534442,S2-966023861,S2-220756381,S3-894084902
S1-39608811	S2-600860109,S2-714315001,S2-583114929,S3-150322987,S2-266529850,S3-853096152,S2-595491693,S2-39107260,S2-425334082,S2-498170125,S3-316195809,S2-540565178,S2-432415976,S2-835489415,S2-507168266,S2-682305910,S2-102506722,S2-501534718,S2-929103679,S3-329012794,S2-169339199,S2-36390503,S2-518359538,S3-106514182,S3-872013487,S3-18976400,S3-810108097,S3-649166684,S3-2045650,S2-867169728,S2-20595754,S2-621647415,S2-505969853,S2-851305685,S2-248233059,S3-807229869,S2-25830538,S3-844042071,S2-795335462,S2-104941292
S1-396150929	S2-160823657,S3-306853514,S3-873113499,S2-409273301,S2-412254468,S3-509005412,S2-704784114,S2-750817241,S3-398254055,S3-367504316,S3-821572423,S3-290413216,S2-383030202,S2-813179630,S2-479477181,S3-636367698,S2-485885002,S2-968505057,S2-424998513,S3-679747836,S2-621647415,S2-333148428,S3-868511151,S3-84626078,S2-560829432,S3-737363811,S2-183205834,S2-676069227,S2-107820820,S3-481551569,S2-993515161,S3-866935454,S2-400493855,S3-191777631,S3-616747941,S3-961706443,S3-727698517,S2-862578020,S3-935965425,S3-1062100
S1-396704474	S2-867094288,S3-808387247,S3-509281903,S2-705903019,S2-80295737,S3-513954017,S2-292165524,S3-153885777,S3-592033451,S2-429426834,S2-347507840,S2-53149930,S2-60538009,S3-298276174,S2-444544903,S2-343566512,S3-509181603,S2-895992482,S3-10070204,S2-568605,S3-802348934,S3-596517712,S3-319252793,S3-572143343,S2-645886241,S3-23781571,S2-24099038,S3-901997932,S3-832461160,S2-480897317,S2-598312557,S2-388192690,S3-615493175,S2-768679434,S2-550625611,S2-636355308,S2-416362828,S2-781720719,S2-92128471,S3-668629842
S1-39733947	S3-372085852,S2-342655156,S2-761740572,S2-940366297,S3-44892628,S3-75303277,S2-170268811,S3-657919288,S3-691294985,S3-442566277,S2-395778865,S3-593556662,S2-886358300,S3-421753436,S2-429414207,S3-535444031,S2-153022216,S3-197819529,S2-866429334,S3-257471680,S2-862000237,S3-602802704,S3-391823164,S2-241023816,S3-512908951,S2-411773002,S2-267512484,S2-268861424,S3-568974033,S3-320488619,S2-598312557,S2-315775481,S3-150322987,S2-375151053,S2-292165524,S2-365604487,S2-636355308,S3-20479494,S2-781720719,S3-77290626
S1-397514626	S3-727410626,S2-899542587,S3-867263634,S3-265161935,S3-231099763,S2-27508375,S2-46119598,S2-783899214,S2-141980176,S2-342025906,S3-288440193,S2-672191745,S2-338458211,S2-918973885,S3-279361924,S2-483583787,S2-385507714,S2-54275281,S3-158901285,S2-673373120,S2-541125444,S2-795335462,S2-63117139,S2-537184954,S2-893868016,S2-875724478,S3-127741306,S2-298648749,S3-317441331,S2-758146922,S2-22682483
S1-402621048	S3-908148625,S3-547831888,S2-979096206,S2-308418230,S2-600460285,S2-503434250,S3-872013487,S3-481758921,S2-761740572,S2-730055337,S2-127971493,S2-192816498,S2-981369013,S2-721675766,S3-876305239,S3-525615575,S2-830645124,S3-927491453,S3-693984318,S3-521921590,S3-198009537,S3-965405807,S3-606815816,S3-671697226,S3-336697476,S3-436480804,S3-56481369,S3-942611768,S3-177336223,S2-199559681,S2-46119598,S3-810888025,S3-611681699,S3-705828303,S2-596368087,S3-962607637,S2-936916016,S3-565540615,S3-976674051,S2-514820746
S1-405440827	S2-621647150,S2-838274938,S3-549513530,S2-342655156,S3-764653606,S3-175443554,S3-856896406,S3-275013845,S2-465143244,S3-760959067,S3-582435641,S2-568439667,S3-688194826,S3-316195809,S2-972087927,S3-979560154,S2-574723490,S3-293567316,S3-166269529,S2-706548751,S2-85084966,S3-391823164,S3-382328733,S3-343934684,S3-289567021,S2-51615186,S2-306547398,S3-674330070,S2-388192690,S3-742570614,S2-726058757,S3-78681427,S3-611302121,S2-351519794,S3-827776680,S2-781720719,S3-514572990,S2-187743820,S2-419031945,S3-234011238
S1-413573159	S3-340374288,S2-375151053,S2-170890750,S2-331483512,S3-249624801,S3-290413216,S3-622017603,S3-514572990,S2-630486694,S3-122077614,S2-418963724,S2-861422809,S2-345568659,S2-206048699,S2-706321668,S3-661249181,S2-467501398,S3-664669292,S3-769518935,S3-631466617,S2-193510687,S2-24099038,S2-104187102,S3-341799280,S2-56939673,S3-558285322,S3-222306979,S3-474644511,S2-268861424,S2-77137709,S2-598312557,S2-722510752,S3-150322987,S2-388192690,S3-615493175,S3-153388083,S2-768679434,S3-45364968,S2-636355308,S2-781720719
S1-4144001	S2-741133761,S2-854425445,S3-22088661,S2-252115955,S2-220512313,S2-547439488,S3-184433626,S3-960326648,S3-372085852,S3-971111671,S3-655786151,S3-534004445,S2-429426834,S2-505183846,S3-957768361,S2-445598380,S3-74764413,S3-521783865,S2-779040268,S3-544334666,S2-645886241,S3-401631450,S2-728794279,S3-167416646,S2-536451479,S2-554899730,S2-696588819,S2-478128946,S3-488946172,S2-871683148,S3-749350856,S2-234992726,S2-187095631,S2-682586639,S3-592033451,S2-141345465,S3-806209375,S2-558638291,S3-520005053,S2-938316135
S1-415245659	S3-106428443,S2-342655156,S3-940132125,S2-234992726,S3-447201746,S2-630486694,S3-773458342,S3-897412541,S2-416493275,S3-59736918,S3-2378515,S3-355846923,S2-719452345,S3-802908214,S2-102958975,S3-726772995,S3-170245253,S2-731994682,S3-801858031,S3-743729368,S2-971378991,S3-371003220,S2-342720491,S3-311513626,S2-73309888,S3-932686955,S2-536451479,S2-488801817,S2-976180948,S2-340444360,S2-46119598,S3-310059196,S3-810888025,S2-313905133,S3-705828303,S3-312577481,S3-180537830,S2-655787096,S3-962607637,S2-936916016
S1-415302434	S3-811459169,S3-922191827,S2-20595754,S2-918973885,S2-547439488,S2-750801102,S2-175042336,S3-294208174,S2-80030619,S2-916015676,S2-771719189,S2-858333878,S3-570090257,S3-435130814,S3-965405807,S3-367901084,S3-652441284,S2-276569893,S3-963242645,S3-577972146,S2-682253147,S2-193510687,S2-945687659,S3-222306979,S3-474644511,S2-657995058,S2-77137709,S3-903689423,S2-662724974,S2-59040544,S2-469081581,S3-329012794,S3-180537830,S3-532782484,S3-315595058,S2-22034959,S2-563202302,S2-298648749,S3-967418953,S3-521066083
S1-415414688	S3-216745957,S3-431726820,S2-510842397,S3-347087196,S2-627682672,S3-510277949,S2-960258531,S3-22649261,S3-483958914,S2-872782933,S2-106341849,S2-877133584,S3-103232508,S3-973665746,S3-640539120,S2-929103679,S2-453562565,S2-464227034,S3-579148893,S2-898849110,S2-984790670,S3-246690251,S2-574951813,S3-73958887,S3-323904182,S3-219041197,S2-895906111,S3-266018996,S2-578788567,S3-415590169,S3-764653606,S2-46119598,S2-127971493,S2-313905133,S2-596368087,S2-858333878,S3-872013487,S3-976674051,S3-200553210,S3-810108097
S1-41643447	S2-598312557,S2-578484139,S3-445543631,S2-704784114,S2-465143244,S2-5009845,S2-950950353,S2-758493682,S2-582539737,S3-92755938,S3-549513530,S2-975659148,S3-740622432,S2-326224715,S2-940559356,S2-630672871,S2-54411910,S3-615509209,S2-226111615,S2-407447896,S2-973829465,S2-459485143,S3-365302134,S3-69683574,S2-744098365,S2-292978314,S3-16796141,S3-22373856,S3-320488619,S3-621025700,S2-46119598,S3-231099763,S2-682305910,S3-764625163,S2-321067876,S2-334939365,S3-460206531,S3-457871420,S3-217039093,S2-94145774
S1-417606815	S3-378073789,S2-934716922,S2-795335462,S3-170975522,S3-61963480,S3-464088678,S3-50281059,S3-960416326,S3-29698559,S3-960326648,S2-801077041,S2-469081581,S2-256206990,S3-843493474,S3-56295844,S2-813354914,S2-124355652,S2-36390503,S3-355846923,S2-305285654,S3-219024394,S3-841034461,S2-424599024,S2-633888738,S3-844042071,S3-70943176,S2-477732440,S2-154961257,S2-839110260,S3-865293282,S3-231099763,S2-27508375,S2-46119598,S3-515717408,S2-744323706,S2-54275281,S2-169339199,S3-643531990,S2-22034959,S2-649569032
S1-418524279	S2-521049331,S2-20798878,S2-566025912,S3-971111671,S3-28391425,S2-107820820,S2-975631805,S3-182558974,S3-198586129,S3-944706854,S3-606217734,S3-561839301,S2-229203598,S3-869217790,S2-21907891,S3-492718178,S2-335122263,S3-818722089,S3-953042337,S3-952935394,S3-852035874,S2-753125951,S2-70822028,S2-262646344,S2-645886241,S2-297579015,S3-349819283,S3-148461291,S3-839414204,S3-24193561,S3-234659501,S2-878037834,S2-336076880,S2-791121005,S2-160823657,S2-816523255,S3-55314584,S2-697514180,S3-136619053,S2-412254468
S1-423414451	S3-246690251,S3-150322987,S2-600460285,S3-714598410,S3-158901285,S3-482698711,S3-446409255,S2-43134338,S3-724869974,S3-448698808,S3-116557348,S3-100799892,S2-463756409,S3-389257885,S3-961421742,S2-621647415,S2-980552823,S2-741561142,S2-202662079,S2-142569598,S3-380113570,S2-190625204,S3-162993152,S2-526493060,S2-46119598,S2-235829911,S2-827722721,S2-321067876,S2-744323706,S3-455958949,S2-767658445,S2-596368087,S2-655787096,S2-858333878,S3-976674051,S2-496421297,S3-693984318,S2-797828425,S2-867169728,S2-411272285
S1-42502314	S2-796991793,S2-673317537,S2-60538009,S3-878176472,S2-910351373,S3-246690251,S3-822184939,S3-812853393,S2-638268338,S3-17552184,S2-46119598,S2-221302335,S2-322554268,S2-877133584,S2-80200813,S2-115402855,S2-313905133,S2-596368087,S3-510277949,S3-976674051,S3-102882344,S3-382870603,S2-851305685,S2-923816782,S3-715354599,S3-296383140,S3-267516505,S3-115653125,S2-411272285,S2-248233059,S3-844042071,S2-48932828,S3-549298,S2-671019678,S2-450038746,S3-590749550,S3-415590169,S3-312512383
S1-426194890	S3-20479494,S2-123627795,S2-357180028,S3-658460113,S2-235259222,S3-78681427,S3-514572990,S2-314240782,S3-937791576,S2-392595553,S2-303061871,S3-64868920,S2-933865098,S3-74764413,S2-33467562,S3-319252793,S2-805826813,S3-23781571,S2-706548751,S3-528485292,S3-932686955,S3-20973442,S3-221443476,S3-80840290,S2-109092801,S2-495604525,S3-568974033,S3-431084906,S3-320488619,S3-937510720,S2-598312557,S2-578484139,S3-615493175,S3-153388083,S2-768679434,S3-75554428,S3-45364968,S3-153885777,S3-122077614,S2-558638291
S1-427329185	S3-36348173,S3-481581345,S3-349679455,S3-657919288,S3-691294985,S2-51615186,S2-782078221,S3-576703765,S3-101242901,S2-245878292,S2-974146456,S3-743187888,S3-788075081,S2-246629472,S2-702263933,S2-648630388,S2-243767830,S2-357180028,S3-937791576,S3-469272577,S2-429414207,S3-46611218,S2-370796080,S2-450192914,S3-631466617,S2-619044353,S3-7528752,S3-68321827,S2-269300058,S3-540353197,S2-722510752,S2-388192690,S3-836337426,S3-20479494,S2-781720719,S3-668629842,S2-621647150,S2-395671932,S3-234011238,S3-147393075
S1-428039663	S3-445101009,S3-883789863,S3-23492958,S2-553274633,S2-974146456,S3-794951235,S3-691294985,S3-576431503,S2-550697952,S3-743187888,S3-478971264,S3-937791576,S2-905827553,S2-449438476,S2-336500242,S3-740622432,S2-685762130,S2-168699267,S3-349679455,S2-510842397,S2-335659628,S2-233626843,S2-956952534,S3-68321827,S3-69683574,S3-558285322,S3-661881573,S2-932162073,S2-220756381,S2-25830538,S2-388192690,S2-507544755,S2-388543405,S3-657235525,S2-240202044,S2-469081581,S2-975291397,S2-558638291,S2-938316135,S3-695341943
S1-429550703	S2-374632896,S2-442251246,S3-819591530,S2-854425445,S3-989976791,S2-815721073,S2-975291397,S2-227155379,S3-912471660,S3-198548382,S3-908148625,S3-144784336,S3-547831888,S3-574587263,S3-738758511,S3-703481876,S2-989542032,S3-521783865,S3-797598442,S2-199559681,S3-198009537,S3-802348934,S2-308418230,S2-503434250,S2-277168615,S3-436480804,S2-390533432,S3-870588828,S2-818031985,S2-896940804,S2-179705599,S2-388192690,S2-240202044,S2-550625611,S3-985177020,S2-796753102,S2-347507840,S2-232181140,S3-92755938,S2-204417353
S1-430298053	S2-365487618,S3-467435512,S2-219660332,S2-990903288,S3-120319456,S3-445543631,S3-23492958,S3-442566277,S2-530061167,S2-125567446,S3-153885777,S2-941004388,S3-298276174,S3-234011238,S2-258890831,S2-343566512,S3-703481876,S2-11497933,S3-10070204,S3-239848768,S2-806209738,S2-787040456,S2-559669701,S2-706548751,S3-528485292,S2-254413757,S2-205836707,S2-262622446,S3-382243274,S2-888262336,S2-722510752,S3-836337426,S3-691294985,S2-782078221,S2-699920476,S2-663959226,S3-147393075,S2-621647150,S2-378846408,S2-206048699
S1-430462466	S2-388543405,S2-85144335,S3-901997932,S2-902880487,S2-388192690,S2-704784114,S3-712308497,S3-918266000,S3-919632385,S2-595491693,S3-485517879,S3-1062100,S3-173398261,S3-360310067,S3-857176159,S2-40876366,S3-319252793,S2-770341988,S3-57664006,S2-769905076,S2-226111615,S2-315775481,S2-507544755,S3-448349907,S2-504393659,S2-530061167,S3-856022427,S3-912471660,S2-141345465,S2-558638291,S2-938316135,S3-695341943,S2-534182089,S2-877804843,S2-269204507,S2-158086966,S2-123684620,S3-646547625,S3-595840838,S3-971808781
S1-431137009	S3-733735582,S2-484457398,S2-609571259,S2-976793661,S3-572143343,S2-519059543,S2-700195651,S2-913930320,S3-943929303,S2-589083365,S2-699920476,S3-683291192,S3-56295844,S3-422729132,S3-738758511,S2-206048699,S2-305285654,S3-943890721,S3-506810019,S2-33428201,S3-239848768,S2-318808106,S3-257471680,S3-164184713,S2-440207111,S3-565320535,S2-839110260,S3-465209873,S2-966023861,S3-16796141,S3-340374288,S3-23492958,S3-552599122,S2-240202044,S3-456593429,S2-877531568,S2-927573547,S2-225002758,S3-514174091,S3-422815078
S1-437281614	S2-141345465,S3-856896406,S2-388192690,S2-726058757,S3-78681427,S3-892319511,S3-442566277,S3-180087778,S2-991288907,S2-246629472,S3-604715797,S2-365487618,S2-476468994,S3-713591626,S3-895598264,S3-477682199,S2-793482283,S2-886358300,S3-967418953,S3-325621631,S3-749494147,S2-440948455,S2-730294781,S2-856802130,S3-976515721,S3-221443476,S3-380741339,S3-184174096,S2-252115955,S2-6860805,S2-854425445,S2-553274633,S3-742570614,S3-25636760,S3-175964530,S2-884102769,S3-20479494,S2-558638291,S2-938316135,S2-247144607
S1-443768681	S2-187909971,S3-970700897,S2-841642984,S2-651461416,S3-749494147,S2-703096481,S2-730055337,S2-80030619,S3-380741339,S3-626034570,S3-664467546,S2-6860805,S2-469081581,S3-764625163,S2-102506722,S3-217039093,S2-317480348,S3-329012794,S3-927656784,S2-22034959,S3-446409255,S2-739997154,S2-298648749,S3-967418953,S3-810108097,S2-853578683,S3-573076105,S2-851305685,S3-623750247,S3-110214688,S3-296383140,S3-267516505,S3-115653125,S2-268807777,S2-979536106,S3-549298,S3-565320535,S2-671019678,S3-589030069,S2-190625204
S1-444520529	S3-195976462,S2-540182433,S3-2378515,S2-39872285,S2-85144335,S3-755180834,S2-352215857,S2-234992726,S3-807090678,S2-530061167,S3-683291192,S2-916015676,S3-482581656,S2-528929761,S3-464507396,S2-138331307,S2-977401479,S2-560710588,S2-6184028,S3-179099570,S2-284564865,S3-73755756,S3-164184713,S2-477732440,S3-626087419,S2-595265518,S3-382077226,S3-870558068,S2-303037664,S2-350400344,S3-940132125,S2-46119598,S3-891899299,S2-562037907,S2-340880073,S3-516583759,S3-983240092,S3-158901285,S2-169339199,S2-22034959
S1-444801830	S2-182273804,S3-167700207,S3-943929303,S2-600460285,S2-227155379,S3-158901285,S3-482698711,S3-315595058,S3-643531990,S3-446409255,S3-448698808,S3-116557348,S3-961421742,S3-573076105,S2-621647415,S2-725167020,S2-711854311,S3-84626078,S2-202662079,S3-380113570,S3-853414998,S2-190625204,S2-769531847,S3-143717382,S2-469081581,S2-89239695,S2-627682672,S3-217039093,S2-483583787,S2-169339199,S2-283264445,S2-22034959,S2-896768736,S3-317441331,S2-442169767,S3-810108097,S3-649166684,S3-333411132,S2-853578683,S2-867169728
S1-445143782	S2-503966344,S3-973665746,S3-312577481,S3-882479923,S2-630486694,S3-394633347,S2-947273350,S2-765689508,S2-472183577,S3-273272215,S3-251039453,S2-138070868,S2-975631805,S3-398254055,S3-191777631,S2-647945622,S2-506155991,S3-157224914,S2-21907891,S3-855282751,S3-41415156,S2-284570733,S2-383030202,S2-70822028,S2-262646344,S3-282633530,S3-320542108,S2-685762130,S3-549736271,S2-20798878,S2-23519898,S2-800542765,S3-768430007,S3-615509209,S3-349819283,S3-77632293,S2-170244057,S3-305215419,S3-956639857,S2-292978314
S1-44674670	S2-528929761,S2-916015676,S3-179099570,S2-39872285,S3-755180834,S2-352215857,S2-412565852,S3-605289520,S2-530061167,S3-112556658,S2-462183999,S3-2378515,S3-217903829,S3-464507396,S3-693984318,S3-521921590,S2-6184028,S2-540182433,S2-388594236,S2-313955120,S3-195976462,S3-50374457,S2-477732440,S3-626087419,S2-595265518,S3-382077226,S3-813547907,S3-870558068,S2-350400344,S2-442251246,S2-843672634,S3-940132125,S2-46119598,S2-682305910,S2-256206990,S3-310059196,S3-810888025,S2-317480348,S3-180537830,S2-758146922
S1-449015682	S2-940603889,S3-963242645,S3-610536355,S3-576431503,S2-550697952,S3-78200790,S3-478971264,S3-268628840,S2-813354914,S3-705276886,S3-53926965,S2-905827553,S2-442169767,S2-634068583,S2-919241341,S2-582157971,S2-936193093,S2-510842397,S2-335659628,S2-179065185,S2-991613543,S2-54101700,S2-895906111,S3-365302134,S2-470617752,S2-303037664,S3-853414998,S2-780725709,S3-324762151,S2-25830538,S2-526493060,S2-852042207,S2-322554268,S3-52817413,S2-321067876,S2-685616607,S2-744323706,S2-635662750,S3-837926466,S2-959352705
S1-453383072	S3-236881445,S3-448698808,S2-248233059,S3-543902884,S2-192816498,S2-983351215,S3-760959067,S2-525391570,S3-668629842,S2-648630388,S2-147498899,S2-753125951,S3-129081221,S2-392595553,S3-749494147,S2-938065576,S2-424031278,S2-630672871,S3-331873108,S2-451932282,S2-468490076,S2-372458033,S3-7528752,S3-96366507,S2-217900075,S3-77632293,S2-845107728,S2-390533432,S3-572176821,S3-925887761,S2-46119598,S3-231099763,S2-753618829,S2-810688876,S3-217039093,S2-313905133,S2-434748052,S3-180537830,S3-532782484,S3-958955314
S1-453539657	S3-319252793,S3-194049640,S3-111562263,S3-367504316,S3-257698168,S3-802883757,S3-606217734,S3-909974680,S2-584492860,S3-279953500,S2-94145774,S2-351519794,S3-872205830,S2-568439667,S2-425334082,S3-137807983,S2-30931575,S2-266529850,S3-658485254,S3-993672239,S2-783082192,S2-226111615,S3-700661814,S3-148461291,S2-54101700,S2-534748436,S2-671019678,S2-268861424,S3-568974033,S3-995796854,S2-598312557,S3-808387247,S2-375151053,S3-45364968,S2-530061167,S3-175964530,S2-884102769,S3-716879886,S3-592033451,S3-481434145
S1-453884385	S3-872205830,S2-199451665,S2-271875776,S2-497654662,S2-752749962,S3-870558068,S3-892319511,S2-750187901,S3-788075081,S3-417315037,S3-257698168,S3-481581345,S2-793082753,S3-691294985,S2-782078221,S3-65312811,S2-877531568,S2-991288907,S2-204417353,S2-225002758,S3-486371120,S3-337064812,S3-506810019,S3-331873108,S3-590072303,S3-631466617,S2-728794279,S2-233626843,S2-862000237,S2-28901364,S2-315775481,S3-45364968,S2-975291397,S2-462866226,S3-616482026,S2-416493275,S2-378846408,S2-247144607,S2-647740777,S2-534182089
S1-455827432	S3-927656784,S2-577711295,S3-662861736,S3-267516505,S2-896768736,S2-538322067,S2-823489243,S3-326018425,S2-317480348,S2-672392100,S2-388543405,S2-274269958,S3-282321912,S3-125349995,S3-488363429,S2-537953677,S3-184174096,S3-17568830,S2-126915805,S3-231099763,S2-469081581,S3-217039093,S2-556607231,S2-501534718,S3-895598264,S3-315595058,S2-22034959,S3-841734573,S2-442169767,S3-882479923,S2-214168322,S3-333411132,S3-389257885,S3-970700897,S3-288440193,S2-851305685,S3-623750247,S2-711854311,S2-923816782,S3-927354334
S1-457601305	S3-201183791,S3-712308497,S3-811459169,S3-576431503,S2-550697952,S2-292567038,S3-611681699,S2-941004388,S2-572406967,S3-78200790,S3-351490610,S3-478971264,S2-905827553,S2-399638826,S3-716768106,S3-173398261,S3-652441284,S3-374810425,S2-510842397,S2-335659628,S3-715354599,S2-692619586,S2-431261713,S3-219041197,S3-54779552,S3-167007965,S3-557847177,S3-590749550,S2-25830538,S3-460948462,S2-750801102,S2-46119598,S3-231099763,S2-652960468,S2-501534718,S3-312577481,S3-582435641,S2-54275281,S2-959352705,S2-596368087
S1-457973373	S3-41415156,S3-398254055,S2-595491693,S3-157224914,S3-398663305,S3-607735741,S3-868511151,S3-566490588,S2-445598380,S3-272775451,S3-915560653,S2-775523121,S2-326224715,S3-146360385,S3-580891382,S2-257921932,S3-306853514,S3-349819283,S3-654987910,S2-575142052,S3-928634282,S2-782078221,S3-855282751,S2-59040544,S3-477828510,S2-770493466,S2-112287031,S2-649702926,S2-699224357,S3-543902884,S2-670917034,S2-21907891,S2-275882814,S3-852035874,S2-284570733,S2-582539737,S3-688013575,S3-320542108,S2-20798878,S3-646756351
S1-459183905	S2-952382616,S3-552599122,S3-119839576,S2-927573547,S2-239070834,S2-336500242,S3-382328733,S3-16078484,S2-342720491,S3-316083080,S2-440207111,S2-352215857,S2-235259222,S2-491551718,S2-702263933,S2-2920056,S2-314240782,S2-479477181,S3-429040708,S2-182986806,S3-790378506,S3-802348934,S3-576703765,S2-136704136,S2-823489243,S3-68321827,S3-222120,S2-348692468,S3-937510720,S3-628663985,S2-737499898,S3-99392192,S3-23492958,S2-700195651,S2-127755733,S2-974146456,S2-568886805,S2-400190057,S2-621647150,S3-311994839
S1-460829054	S3-872013487,S2-761740572,S3-808387247,S3-234659501,S3-610536355,S2-752369607,S3-945426231,S2-292165524,S2-979096206,S2-810688876,S2-192816498,S2-981369013,S2-434748052,S3-908148625,S3-876305239,S3-142722160,S3-927491453,S3-481758921,S3-965405807,S2-191311189,S3-754823586,S3-899298661,S2-125955407,S2-440207111,S3-336697476,S3-615579872,S2-932162073,S3-942611768,S3-305215419,S2-350400344,S2-899542587,S3-231099763,S3-503430799,S2-46119598,S2-80200813,S2-393698052,S3-895598264,S3-180537830,S3-532782484,S3-510277949
S1-46249643	S3-343934684,S3-95653077,S2-715963433,S3-194049640,S2-322554268,S3-257698168,S3-25636760,S3-626034570,S3-827776680,S2-394696306,S3-918266000,S2-395778865,S3-243201022,S3-677098350,S3-234011238,S2-449438476,S2-634395262,S3-796280583,S3-239848768,S2-737024848,S2-783082192,S3-769518935,S3-729285481,S3-506705579,S2-431261713,S2-56939673,S3-395400724,S2-839110260,S2-495604525,S3-504811762,S3-615493175,S3-426185568,S2-170268811,S3-238774081,S2-589083365,S2-975291397,S3-716879886,S2-938316135,S2-426549931,S2-877804843
S1-465557953	S2-182986806,S3-239848768,S3-271028931,S3-469272577,S3-899298661,S3-630840237,S3-111562263,S3-290413216,S3-185659081,S3-409858322,S3-89438677,S2-697514180,S3-873113499,S3-978287417,S2-895992482,S2-158086966,S3-643284918,S3-664669292,S2-199021860,S2-613021953,S3-84748082,S2-975502236,S2-540565178,S2-917596702,S2-676069227,S2-339363122,S3-621025700,S2-547439488,S3-749350856,S3-742570614,S2-506313032,S3-856022427,S3-279953500,S3-153885777,S2-938316135,S2-378846408,S3-234011238,S2-511146838,S2-853058328,S2-585589926
S1-466641145	S2-991545286,S2-775523121,S3-935965425,S3-959298060,S3-200532536,S2-947273350,S3-695973055,S2-704784114,S3-606217734,S2-791121005,S3-351490610,S3-290413216,S3-144784336,S2-392595553,S3-735677932,S3-703496100,S3-879002896,S2-412254468,S2-977401479,S2-742018880,S3-31888634,S3-957068009,S3-868511151,S2-24099038,S2-217900075,S2-459485143,S3-771452301,S3-236200942,S2-987550636,S2-508590881,S2-714315001,S2-878037834,S3-777418870,S3-36174880,S3-367504316,S3-561839301,S3-821572423,S3-818722089,S3-55314584,S3-1062100
S1-474452362	S2-598312557,S2-374766437,S3-251522598,S2-702263933,S2-609571259,S2-340420883,S2-198008021,S3-937791576,S3-603130097,S2-305285654,S3-715117209,S3-46611218,S3-64868920,S3-740622432,S2-933865098,S3-267547161,S3-240958385,S3-319252793,S2-658886344,S3-401631450,S3-23781571,S3-576703765,S3-955246971,S3-919632385,S3-221443476,S2-949729542,S3-414627989,S3-80840290,S2-146021424,S2-871683148,S3-474850204,S2-388192690,S2-240202044,S2-506313032,S3-856022427,S2-682586639,S2-365604487,S2-991288907,S2-416493275,S2-977110544
S1-476026008	S3-68321827,S2-702263933,S3-481581345,S3-349679455,S3-657919288,S3-937791576,S3-691294985,S2-51615186,S3-913148143,S3-101242901,S3-153388083,S2-234992726,S3-484994752,S2-256206990,S2-782078221,S2-351519794,S3-743187888,S2-927573547,S3-187125497,S3-835032939,S3-303635792,S2-539204540,S3-971063817,S2-370796080,S2-968505057,S3-576703765,S2-856802130,S2-540565178,S2-508597312,S2-350400344,S2-308862519,S2-409717420,S2-240202044,S2-991288907,S2-92128471,S3-478490624,S2-214494222,S2-68759678,S2-439055696,S2-583840796
S1-47803313	S2-221302335,S2-836328205,S2-54411910,S2-647740777,S2-739997154,S3-371003220,S3-219844340,S2-590554293,S2-582157971,S2-442251246,S2-526493060,S2-46119598,S2-27508375,S3-231099763,S2-321067876,S3-310059196,S2-744323706,S2-334939365,S2-94145774,S2-54275281,S3-532782484,S2-596368087,S2-655787096,S2-298648749,S2-649569032,S3-976674051,S3-810108097,S2-797828425,S3-521066083,S2-867169728,S3-623750247,S2-923816782,S2-411272285,S2-268807777,S2-248233059,S3-774736455,S2-670406970,S2-795335462,S3-549298,S3-853414998
S1-479574617	S3-180537830,S3-497775376,S2-598312557,S3-445543631,S2-877133584,S2-672191745,S2-186325301,S2-175042336,S2-434748052,S2-60538009,S2-872599903,S3-833970055,S3-636367698,S3-317441331,S3-506810019,S2-657508123,S2-318808106,S3-958487791,S2-728794279,S2-590554293,S3-844042071,S3-689974753,S2-168132027,S3-22088661,S3-380113570,S2-744098365,S2-188368209,S2-103781604,S3-237604674,S3-825495383,S2-526493060,S2-46119598,S2-27508375,S3-231099763,S3-310059196,S2-292567038,S3-741815994,S2-813354914,S2-941100325,S2-739997154
S1-479716586	S2-220756381,S3-120319456,S3-95653077,S2-234992726,S3-257698168,S3-481581345,S2-793082753,S3-691294985,S2-782078221,S2-877531568,S2-394696306,S3-897412541,S2-204417353,S3-683741745,S2-225002758,S3-695341943,S3-486371120,S2-214955076,S2-463756409,S2-940559356,S3-148974528,S2-113115082,S3-331873108,S3-590072303,S3-461733052,S2-233626843,S2-951148549,S2-395311167,S3-20973442,S3-22373856,S3-746507879,S2-388192690,S3-516547599,S2-768679434,S2-409717420,S2-240202044,S2-589083365,S2-977110544,S2-187743820,S2-938316135
S1-481259122	S3-367901084,S3-661249181,S3-335312367,S2-886358300,S3-474850204,S2-61166243,S2-375151053,S3-749350856,S3-426185568,S2-245878292,S3-78681427,S2-833094944,S2-476468994,S3-606193838,S2-809665812,S2-147498899,S2-647740777,S2-835489415,S2-895992482,S3-100799892,S3-488679255,S2-940559356,S2-54411910,S2-278570858,S2-682253147,S2-974757357,S3-528485292,S2-536451479,S3-237604674,S3-365545709,S2-737499898,S3-70211138,S2-352215857,S2-240202044,S2-815721073,S3-857176159,S2-235259222,S2-589083365,S2-877531568,S2-550738304
S1-481669221	S2-625718384,S3-526395226,S3-975969666,S3-764805204,S2-240825627,S3-463105299,S3-556228627,S2-261771601,S3-9842107,S2-340880073,S3-852602832,S2-866564035,S3-640375681,S2-750801102,S3-231099763,S3-960326648,S2-973495524,S2-507168266,S2-334939365,S2-652960468,S3-460206531,S3-310059196,S2-127971493,S3-810888025,S2-292567038,S2-501534718,S2-936916016,S2-596441431,S2-135491601,S2-514820746,S3-825290001,S2-897338634,S2-191311189,S2-350628155,S3-48910651,S2-813365169,S2-993370704,S2-991671297,S3-54779552,S2-785042722
S1-481776787	S3-391823164,S3-514572990,S3-80840290,S3-249624801,S2-31694455,S2-439055696,S3-340374288,S2-375151053,S3-445543631,S2-748040994,S3-298276174,S3-191731437,S3-738758511,S2-583840796,S3-745195971,S3-239848768,S2-86137182,S3-115390426,S2-543623385,S2-714953620,S3-714863745,S2-862000237,S3-605637697,S2-645330149,S2-329140637,S3-665811613,S2-56939673,S3-558285322,S3-16078484,S3-466523313,S3-78681427,S3-892319511,S3-45364968,S2-558638291,S2-938316135,S2-395671932,S2-479477181,S2-585589926,S2-930022210,S3-394633347
S1-48247433	S2-706321668,S2-511146838,S3-341799280,S3-622017603,S2-375151053,S3-661249181,S2-418963724,S2-170890750,S2-331483512,S2-77137709,S3-335176300,S2-206048699,S2-104187102,S2-722510752,S3-95653077,S3-615493175,S3-294231709,S3-442566277,S3-153885777,S3-20479494,S3-668629842,S2-558638291,S2-977110544,S3-234011238,S3-337064812,S3-726772995,S3-64868920,S2-426549931,S2-182986806,S3-239848768,S2-866564035,S2-123684620,S3-899298661,S2-432415976,S2-220512313,S3-214982367,S3-595840838,S3-70651750,S2-875516379,S3-466523313
S1-483126440	S3-268628840,S3-74872076,S3-649166684,S2-214168322,S3-483958914,S3-883789863,S2-719864134,S2-796991793,S2-141345465,S3-61963480,S2-734979295,S2-429414207,S3-525615575,S2-769905076,S3-294717043,S2-439055696,S2-269915770,S2-576201028,S2-493543131,S2-797348450,S2-786671109,S2-85470349,S2-205836707,S3-10300249,S3-56481369,S2-450038746,S3-501478524,S2-871779147,S3-317555456,S3-657521923,S2-46119598,S3-891899299,S3-52817413,S2-469081581,S2-54275281,S3-773458342,S3-180537830,S2-96867962,S3-643531990,S2-655787096
S1-484349079	S2-862435993,S3-483958914,S2-872782933,S2-106341849,S3-900116490,S3-488074618,S3-973665746,S3-112556658,S3-640539120,S2-464227034,S2-169339199,S2-434336539,S3-347087196,S3-510277949,S3-662721327,S3-579148893,S2-898849110,S2-984790670,S2-574951813,S2-679511832,S3-323904182,S3-219041197,S3-216745957,S2-895906111,S3-777737836,S3-266018996,S2-578788567,S2-784442772,S2-25830538,S3-312512383,S2-899542587,S3-231099763,S2-27508375,S2-338458211,S3-703660917,S3-611681699,S2-929103679,S3-329012794,S2-959352705,S3-430128111
S1-485290093	S2-248233059,S3-719297797,S3-481581345,S3-238774081,S3-657919288,S2-256206990,S2-342790091,S3-691294985,S3-198537118,S2-782078221,S3-743187888,S2-702263933,S3-727698517,S2-293341063,S3-593556662,S2-164709711,S3-535444031,S2-583840796,S3-331873108,S2-690368889,S3-576703765,S3-369027389,S2-363645478,S2-355864734,S2-324947743,S3-771452301,S3-572176821,S2-44209004,S2-51615186,S3-317555456,S3-986560205,S2-130168190,S2-46119598,S2-146545453,S2-600460285,S2-313905133,S3-611681699,S3-593500151,S2-175042336,S2-841642984
S1-488174268	S2-2920056,S2-491551718,S2-737499898,S2-578898262,S2-980552823,S3-517069981,S2-289373702,S3-167700207,S2-504393659,S2-787040456,S2-799457326,S2-471800381,S2-467863016,S2-877531568,S2-395311167,S2-300060087,S2-836553957,S2-232181140,S2-369987552,S3-833076537,S3-69683574,S2-383876604,S2-793482283,S2-399869899,S2-262622446,S2-966023861,S3-832461160,S2-847643624,S2-343566512,S2-880373574,S2-835489415
S1-488457630	S2-314240782,S3-484994752,S3-540353197,S3-255577798,S3-870588828,S3-507043143,S3-170176936,S2-719864134,S3-657235525,S3-472074707,S2-872599903,S2-343566512,S2-11497933,S3-10070204,S2-574723490,S2-219660332,S3-265204232,S3-796280583,S2-516174026,S2-200306868,S3-700661814,S3-195976462,S3-312413952,S3-472293246,S3-574534442,S2-77137709,S3-832461160,S3-590749550,S2-315775481,S2-388192690,S2-234992726,S2-416362828,S2-246629472,S2-92128471,S3-122077614,S2-395778865,S3-298276174,S2-938316135,S2-395671932,S2-247144607
S1-488635826	S3-341799280,S2-395778865,S2-112287031,S3-695973055,S2-375151053,S2-331483512,S2-476476786,S2-141345465,S3-326018425,S2-418963724,S3-419085785,S2-769905076,S2-206048699,S2-439055696,S2-706321668,S3-661249181,S2-269915770,S3-380230383,S3-999913674,S2-104187102,S3-660132186,S2-999235003,S2-547439488,S2-315775481,S2-598312557,S3-989617472,S3-904293301,S2-768679434,S3-518430580,S2-833094944,S3-153885777,S2-636355308,S2-462866226,S3-668979909,S3-668629842,S2-240825627,S3-191731437,S2-395671932,S3-267883217,S2-930022210
S1-493139457	S3-162993152,S2-61166243,S2-872782933,S2-833094944,S2-115402855,S2-394696306,S2-778895506,S3-955767277,S2-960258531,S2-582157971,S2-835489415,S2-895992482,S3-399738814,S3-100799892,S3-488679255,S2-940559356,S3-661249181,S3-355506507,S2-806209738,S3-371003220,S3-266018996,S2-536451479,S3-574534442,S2-292978314,S3-237604674,S3-231099763,S2-321067876,S2-313905133,S2-501534718,S3-329012794,S3-895598264,S3-688194826,S2-596368087,S2-298648749,S3-967418953,S2-442169767,S3-810108097,S3-333411132,S3-389257885,S3-573076105
S1-493735795	S3-64810791,S3-867263634,S2-918973885,S3-764805204,S2-412565852,S3-194049640,S3-298091709,S2-793082753,S3-626034570,S2-80200813,S2-406149845,S3-832461160,S3-409858322,S2-204417353,S2-906594195,S3-226896868,S2-349043036,S3-137807983,S3-667815823,S2-685762130,S2-225122945,S3-662861736,S2-711854311,S2-252641622,S2-888652626,S3-661881573,S3-446353128,S2-340444360,S3-80840290,S3-415590169,S2-130168190,S2-899542587,S2-469081581,S2-753618829,S3-217039093,S3-286512684,S2-696438552,S2-313905133,S2-22034959,S2-298648749
S1-493959729	S2-750801102,S2-765689508,S2-918973885,S3-294208174,S2-175042336,S3-973665746,S3-606193838,S2-80030619,S2-916015676,S2-771719189,S2-858333878,S3-570090257,S3-435130814,S3-965405807,S3-367901084,S3-652441284,S2-276569893,S3-963242645,S3-577972146,S2-193510687,S2-138070868,S3-528485292,S2-945687659,S3-222306979,S2-657995058,S2-77137709,S3-251039453,S2-662724974,S2-59040544,S3-335312367,S2-736586353,S3-231099763,S3-52817413,S2-334939365,S2-94145774,S3-329012794,S3-741815994,S3-180537830,S2-124355652,S2-596368087
S1-497232093	S3-6822167,S2-697514180,S3-136619053,S3-398663305,S3-735677932,S3-233262922,S3-607404491,S2-993515161,S2-506155991,S3-157224914,S3-855282751,S2-505302528,S2-414029769,S3-41415156,S2-275882814,S2-470513530,S2-718480121,S2-392595553,S2-241220505,S3-272775451,S2-326224715,S3-712130770,S3-643284918,S2-726853276,S2-965682240,S3-969662978,S3-665811613,S2-858213429,S3-230737613,S3-956639857,S2-750817241,S3-192263409,S3-580891382,S3-952935394,S3-409858322,S2-816523255,S3-677352980,S3-55314584,S3-64079929,S3-28391425
S1-500222888	S2-519059543,S3-506810019,S2-699920476,S3-425007676,S3-683291192,S3-185659081,S2-895906111,S2-609571259,S2-322554268,S2-906594195,S2-292165524,S2-318808106,S2-839110260,S3-422729132,S2-268861424,S3-16796141,S3-488074618,S2-440207111,S2-736586353,S2-328922214,S2-867917626,S2-46119598,S2-270257041,S3-837926466,S3-776500981,S3-112556658,S3-622017603,S2-537184954,S3-100363030,S3-922191827,S2-905827553,S2-596441431,S2-91100310,S2-514820746,S2-797828425,S3-521066083,S2-897338634,S3-888634508,S2-641758843,S2-369987552
S1-500922440	S2-292567038,S3-610536355,S3-201183791,S3-712308497,S3-811459169,S2-550697952,S2-572406967,S3-78200790,S3-478971264,S3-268628840,S3-53926965,S2-910351373,S2-442169767,S2-634068583,S2-582157971,S3-700534009,S3-173398261,S2-308418230,S2-503434250,S2-431261713,S2-991613543,S2-973829465,S2-895906111,S3-324762151,S3-365302134,S3-227725397,S2-470617752,S2-303037664,S3-557847177,S3-590749550,S2-526493060,S3-231099763,S2-27508375,S2-46119598,S2-342025906,S2-270257041,S2-507168266,S2-652960468,S2-744323706,S3-55946551
S1-501819870	S3-96366507,S3-844042071,S2-267512484,S3-106514182,S3-200553210,S3-44375592,S2-469081581,S2-256206990,S2-127971493,S3-532782484,S2-124355652,S3-355846923,S3-841734573,S3-879002896,S3-464507396,S3-579148893,S3-600418036,S3-841034461,S2-424599024,S2-284564865,S2-633888738,S2-477732440,S2-795335462,S3-170975522,S3-878176472,S3-464088678,S2-154961257,S3-865293282,S3-29698559,S3-966230926,S2-899542587,S2-46119598,S3-891899299,S2-313905133,S2-283264445,S2-596368087,S3-510277949,S3-872013487,S3-976674051,S2-528929761
S1-501963178	S2-990903288,S3-219310212,S3-52817413,S3-515717408,S3-593500151,S3-688194826,S3-9842107,S3-311994839,S3-267883217,S2-663700902,S2-553131106,S3-947130259,S2-622752249,S2-589730625,S3-825917420,S2-289373702,S2-424599024,S2-682253147,S3-381935731,S2-862000237,S3-311513626,S2-431261713,S3-50374457,S3-336697476,S2-813365169,S2-146021424,S2-46119598,S2-469081581,S3-217039093,S3-895598264,S3-180537830,S2-96867962,S3-315595058,S2-22034959,S3-643531990,S2-442169767,S2-22682483,S2-514820746,S3-810108097,S3-2045650
S1-502376041	S3-649166684,S2-214168322,S3-56481369,S2-450038746,S2-796991793,S2-902499230,S2-598312557,S3-74872076,S3-883789863,S2-719864134,S3-695973055,S2-730055337,S3-78681427,S3-703660917,S3-482698711,S3-61963480,S3-267883217,S3-525615575,S3-294717043,S2-638096571,S2-493543131,S2-797348450,S3-371959453,S2-786671109,S2-991613543,S3-10300249,S3-501478524,S3-568974033,S2-871779147,S3-657521923,S3-206642656,S2-673317537,S2-102506722,S2-918973885,S2-313905133,S3-329012794,S3-158901285,S2-96867962,S2-298648749,S2-649569032
S1-503010787	S3-810108097,S3-743729368,S3-9842107,S3-330359437,S2-485885002,S3-864360820,S2-765689508,S2-235829911,S2-146545453,S3-812853393,S3-155795126,S2-160823657,S3-527612989,S2-283264445,S2-819310622,S3-636367698,S2-862435993,S3-716768106,S3-600418036,S2-424998513,S3-389257885,S2-621647415,S2-851305685,S3-236881445,S3-884473350,S2-456952016,S3-232385421,S3-367727512,S2-818031985,S3-481551569,S2-526493060,S2-673317537,S2-753618829,S2-600460285,S2-167404095,S2-55418957,S3-464265492,S2-30931575,S2-296645299,S2-442169767
S1-503254241	S2-598312557,S3-240733649,S3-237604674,S3-445543631,S2-974146456,S2-877133584,S3-497775376,S3-65312811,S3-611681699,S2-186325301,S2-434748052,S3-180537830,S2-60538009,S3-636367698,S3-317441331,S3-775447058,S3-506810019,S2-370796080,S2-450192914,S2-318808106,S2-179065185,S2-728794279,S2-300060087,S3-22088661,S3-870558068,S3-540353197,S2-744098365,S3-16796141,S2-103781604,S3-825495383,S3-808387247,S3-99392192,S2-768679434,S2-258612635,S3-442566277,S2-416362828,S2-781720719,S3-20479494,S3-668629842,S3-234011238
S1-503487168	S2-641374867,S3-158901285,S3-841034461,S2-621647415,S3-446409255,S2-875724478,S2-190625204,S3-516583759,S2-169727784,S2-340880073,S2-600460285,S3-714598410,S3-250324284,S3-983240092,S3-580736465,S3-582435641,S2-153968942,S3-482698711,S3-98186645,S3-448698808,S3-116557348,S2-630672871,S3-961421742,S2-574951813,S2-233626843,S2-651671642,S2-202662079,S2-456952016,S3-380113570,S2-769531847,S3-940132125,S3-52817413,S2-562037907,S2-321067876,S3-329012794,S3-315595058,S2-22034959,S2-298648749,S3-872013487,S3-810108097
S1-504750404	S3-193324646,S2-714315001,S3-867263634,S3-599066239,S2-648203570,S3-167700207,S3-153885777,S3-547831888,S3-430128111,S2-813179630,S2-444544903,S3-535444031,S3-570090257,S2-269204507,S3-246690251,S3-544334666,S3-652441284,S2-729157829,S3-890827221,S3-958487791,S3-273272215,S2-797348450,S3-115653125,S3-899298661,S3-167416646,S2-363645478,S2-999235003,S2-637701459,S2-991671297,S3-900511946,S3-162993152,S2-872782933,S3-503430799,S2-46119598,S2-973495524,S2-89239695,S2-54275281,S3-532782484,S3-955767277,S2-655787096
S1-507163415	S2-867324975,S3-916140155,S3-668629842,S3-733735582,S2-700195651,S2-344390896,S2-589083365,S3-175964530,S2-92128471,S2-199451665,S3-514174091,S2-206048699,S3-303635792,S2-11497933,S3-572143343,S2-226111615,S2-407447896,S3-646547625,S2-633888738,S3-164184713,S2-592412285,S2-254413757,S3-565320535,S2-388192690,S2-553274633,S3-657235525,S2-240202044,S2-726058757,S3-836337426,S2-351519794,S2-682586639,S3-20479494,S2-938316135,S3-695341943,S3-354195606,S2-583840796,S3-726772995,S2-731994682,S2-568605,S3-681673434
S1-509532493	S3-777418870,S3-448349907,S3-191484959,S2-483583787,S3-201326665,S2-80030619,S3-150632472,S3-979560154,S3-740622432,S2-657508123,S2-686535448,S2-703096481,S3-101242901,S2-951148549,S2-199280788,S2-125955407,S3-976515721,S3-833076537,S3-452650129,S2-547439488,S2-598312557,S2-240202044,S3-20762321,S2-975291397,S2-31694455,S2-416362828,S2-781720719,S2-950950353,S3-514572990,S3-122077614,S2-416493275,S2-378846408,S3-191731437,S2-378555943,S2-585589926,S2-750187901,S2-877804843,S3-100659662,S2-568605,S2-113115082
S1-511066423	S3-336697476,S2-990903288,S2-578484139,S3-52817413,S3-515717408,S2-331483512,S3-593500151,S3-688194826,S3-9842107,S3-311994839,S3-267883217,S2-663700902,S2-218828004,S2-972087927,S3-947130259,S2-553131106,S2-622752249,S2-146021424,S2-589730625,S3-825917420,S2-289373702,S2-682253147,S2-424599024,S3-381935731,S2-431261713,S2-813365169,S3-436480804,S3-568974033,S3-995796854,S3-365545709,S3-454284148,S2-46119598,S3-503430799,S3-703660917,S3-217039093,S2-313905133,S3-180537830,S3-532782484,S3-958955314,S3-643531990
S1-512210875	S2-182986806,S3-239848768,S3-469272577,S2-679511832,S3-899298661,S2-638096571,S3-185659081,S3-271028931,S3-775455620,S2-193013091,S3-64868920,S3-749350856,S2-783995897,S3-856022427,S2-550738304,S2-378846408,S3-67441115,S3-535444031,S2-534182089,S3-726772995,S3-506810019,S3-74764413,S2-219660332,S3-463105299,S2-86137182,S2-199021860,S2-976793661,S2-471800381,S2-681236478,S3-595840838,S2-836553957,S3-833076537,S2-965432715,S2-399869899,S2-932162073,S3-832461160
S1-51627651	S3-657235525,S3-484994752,S2-793082753,S2-275369766,S3-870588828,S3-170176936,S2-782078221,S3-472074707,S2-877531568,S2-314240782,S2-204417353,S2-164709711,S2-225002758,S2-343566512,S2-11497933,S3-10070204,S2-574723490,S2-219660332,S3-265204232,S3-796280583,S2-200306868,S3-255577798,S2-233626843,S3-312413952,S3-472293246,S2-815181762,S3-540353197,S3-574534442,S3-832461160,S3-507043143,S3-666943106,S2-234992726,S2-409717420,S2-240202044,S2-562716881,S3-957768361,S2-938316135,S3-695341943,S2-642863486,S2-877804843
S1-518257638	S2-856802130,S2-911310489,S2-127755733,S3-741835199,S3-857176159,S3-175964530,S2-594478805,S2-550738304,S2-952858710,S2-809665812,S3-957768361,S2-60538009,S3-339481146,S3-922632740,S2-303061871,S3-303635792,S3-506810019,S3-10070204,S3-293567316,S3-349679455,S2-318808106,S3-572143343,S2-728794279,S2-619044353,S3-7528752,S2-290816981,S3-22088661,S3-901997932,S3-184174096,S3-28336419,S3-474850204,S2-85144335,S2-854425445,S2-240202044,S3-892319511,S2-589083365,S3-517409976,S2-977110544,S2-938316135,S2-357180028
S1-518847572	S3-356347371,S3-468731115,S3-162815052,S2-783082192,S3-806209375,S3-249624801,S2-679511832,S2-962455440,S2-491551718,S2-308862519,S3-474850204,S2-854425445,S3-153388083,S2-240202044,S3-294231709,S2-92128471,S2-558638291,S3-501171061,S2-395671932,S3-419085785,S2-853058328,S3-219206801,S2-158086966,S2-471712099,S2-938169179,S3-347519927,S2-522665032,S2-49777022,S2-559669701,S2-651671642,S2-741133761,S2-241023816,S3-626087419,S2-845107728,S2-867094288
S1-520627257	S3-543939305,S3-646547625,S2-329302072,S3-666943106,S2-292165524,S3-442566277,S3-559022742,S2-594478805,S2-415633307,S2-22799180,S3-668629842,S2-809665812,S2-60538009,S3-966021760,S2-886358300,S2-585589926,S2-989542032,S2-158086966,S3-681673434,S3-190239742,S2-318808106,S2-234200980,S2-730294781,S2-329140637,S3-901997932,S3-574534442,S3-184174096,S2-875516379,S3-382243274,S3-28336419,S2-854425445,S3-749350856,S2-388543405,S2-240202044,S3-892319511,S3-716879886,S2-298281864,S3-713591626,S2-558638291,S2-977110544
S1-520799361	S2-857275799,S3-901997932,S2-862000237,S2-388192690,S2-704784114,S2-388543405,S3-712308497,S2-595491693,S3-485517879,S3-238774081,S3-960416326,S2-991288907,S2-934716922,S3-918266000,S3-1062100,S3-360310067,S3-477050170,S2-769905076,S3-173398261,S3-319252793,S3-257471680,S2-902880487,S2-226111615,S3-222120,S3-170975522,S2-40876366,S3-57664006,S3-289567021,S2-867094288,S2-199559681,S2-854425445,S2-409717420,S2-793082753,S2-504393659,S2-558638291,S2-977110544,S2-938316135,S2-357180028,S3-695341943,S2-888162848
S1-52153457	S3-116557348,S3-977845400,S3-260946793,S2-202662079,S3-185580229,S2-600460285,S2-480897317,S3-640375681,S3-739484686,S3-915330451,S3-973665746,S2-453562565,S3-572770613,S3-895598264,S3-124578688,S2-905827553,S2-233474561,S2-91100310,S2-214939320,S3-448698808,S2-138331307,S2-919585353,S2-704180517,S3-236881445,S2-248233059,S3-96366507,S3-783337925,S2-63117139,S3-22088661,S3-945390736,S3-986739557,S2-750801102,S3-231099763,S2-46119598,S2-127971493,S3-180087778,S3-810888025,S2-929103679,S3-329012794,S2-596368087
S1-526334226	S2-450038746,S2-796991793,S2-313905133,S3-56481369,S3-74872076,S3-883789863,S2-719864134,S2-550625611,S3-703660917,S2-638268338,S3-61963480,S3-525615575,S3-294717043,S2-902499230,S2-214168322,S3-649166684,S2-493543131,S3-130875511,S2-797348450,S2-786671109,S2-540182433,S2-668787001,S2-559669701,S2-241023816,S2-672392100,S3-10300249,S3-177336223,S3-501478524,S2-871779147,S3-657521923,S2-526493060,S3-231099763,S2-221302335,S2-673317537,S2-753618829,S3-217039093,S3-312577481,S2-796753102,S3-895598264,S3-180537830
S1-527611593	S3-22321512,S3-667815823,S2-858213429,S2-23519898,S3-549736271,S2-438565549,S2-305637735,S3-986560205,S2-793082753,S2-469081581,S3-534004445,S2-580586919,S3-601197303,S2-742077842,S3-611106860,S2-758493682,S2-284570733,S3-727698517,S3-2378515,S2-164709711,S3-226896868,S2-444544903,S2-218619721,S3-955246971,S2-895906111,S2-268861424,S3-332250323,S3-234659501,S2-878037834,S2-566025912,S3-971111671,S2-160823657,S3-952935394,S2-816523255,S2-697514180,S3-55314584,S2-383030202,S3-136619053,S2-717201533,S3-6822167
S1-528495462	S2-592412285,S3-478971264,S3-515717408,S2-595491693,S2-518383016,S2-929103679,S3-773458342,S3-583976846,S3-45395949,S2-253674303,S3-947130259,S3-882479923,S3-287107415,S2-933724724,S2-113115082,S3-460759790,S3-631466617,S2-424599024,S3-267108456,S3-771452301,S3-994258368,S3-170975522,S3-348068567,S3-254508914,S2-268861424,S3-162500917,S2-526493060,S3-231099763,S2-46119598,S2-235829911,S2-507168266,S2-334939365,S2-744323706,S3-55946551,S2-292567038,S2-813354914,S2-537184954,S3-812557085,S2-596441431,S3-18976400
S1-528962373	S2-880373574,S3-20479494,S3-973665746,S2-257921932,S2-123627795,S3-606193838,S3-739484686,S3-590072303,S2-119647643,S3-501171061,S3-775455620,S2-853058328,S2-763720598,S2-318808106,S3-651489735,S2-658886344,S3-167007965,S2-89663826,S3-120319456,S2-240202044,S2-589083365,S3-279953500,S2-682586639,S3-543939305,S2-793482283,S2-938316135,S2-378846408,S3-695341943,S2-719452345,S2-258890831,S2-583840796,S3-745195971,S3-64868920,S2-451932282,S2-787040456,S2-123684620,S2-395311167,S2-300060087,S2-836553957,S3-833076537
S1-531518308	S3-714863745,S2-446761313,S3-80840290,S3-417315037,S3-111562263,S3-249624801,S3-677557632,S2-125567446,S2-347507840,S3-191731437,S2-198008021,S3-937791576,S2-343566512,S2-439055696,S2-583840796,S2-715460557,S3-98855106,S3-64868920,S2-933865098,S2-845010036,S3-590072303,S2-231137367,S3-319252793,S3-23781571,S2-252641622,S2-862000237,S2-329140637,S3-221443476,S3-907381535,S2-103781604,S2-179705599,S3-666943106,S2-388192690,S3-657235525,S2-240202044,S2-975291397,S2-636355308,S2-781720719,S3-616482026,S3-668629842
S1-533417053	S3-833076537,S2-199280788,S2-547439488,S2-793082753,S3-677557632,S2-505302528,S3-582435641,S3-918266000,S2-153968942,S2-340420883,S2-378846408,S2-198008021,S3-191731437,S3-150632472,S2-378555943,S2-734979295,S3-426802910,S3-101242901,S2-951148549,S2-125955407,S2-823489243,S2-945687659,S3-282321912,S2-379810610,S2-85144335,S3-99392192,S2-388192690,S3-130482982,S3-119839576,S2-553274633,S2-240202044,S2-258612635,S2-589083365,S3-65312811,S2-293341063,S2-346602286,S2-439055696,S3-999913674,S2-257520714,S2-714953620
S1-534346740	S3-330359437,S3-810108097,S2-851305685,S2-765689508,S2-235829911,S2-146545453,S2-600460285,S2-127971493,S3-155795126,S3-908148625,S3-547831888,S2-283264445,S2-819310622,S3-9842107,S3-525615575,S2-862435993,S3-716768106,S3-743729368,S3-198009537,S3-606815816,S2-308418230,S3-236881445,S3-884473350,S2-503434250,S2-456952016,S3-436480804,S3-56481369,S3-367727512,S2-199559681,S3-864360820,S2-86010362,S2-899542587,S2-843672634,S2-46119598,S2-322554268,S2-469081581,S2-102506722,S2-877133584,S3-312577481,S3-255150389
S1-540642140	S2-598312557,S3-100799892,S3-148974528,S2-60538009,S2-257520714,S3-445543631,S2-815721073,S2-877133584,S2-115402855,S3-559022742,S3-497775376,S2-186325301,S2-434748052,S3-180537830,S3-636367698,S3-317441331,S2-20473893,S3-506810019,S2-54411910,S2-318808106,S3-884473350,S2-728794279,S2-199280788,S2-823489243,S3-556228627,S3-22088661,S2-744098365,S2-103781604,S3-237604674,S3-825495383,S3-530654091,S2-553274633,S2-240202044,S2-416362828,S2-416493275,S2-938316135,S2-357180028,S3-124578688,S3-100659662,S3-740622432
S1-541668027	S3-819591530,S2-578484139,S3-610536355,S3-630840237,S3-44375592,S2-672191745,S2-374632896,S3-144784336,S3-668629842,S3-92755938,S2-872599903,S2-634395262,S3-915560653,S2-989542032,S2-657508123,S3-679747836,S3-190239742,S2-903065910,S3-978862386,S2-123684620,S2-706548751,S2-440207111,S2-207439352,S2-369987552,S3-46662325,S2-168132027,S3-556228627,S2-390533432,S2-188368209,S2-442251246,S2-577684356,S3-231099763,S2-141980176,S2-469081581,S2-102506722,S3-497775376,S2-94145774,S3-158901285,S3-532782484,S2-124355652
S1-542615632	S2-378846408,S3-7528752,S2-547439488,S3-764805204,S3-111562263,S2-409717420,S2-292165524,S2-187095631,S3-559022742,S2-298281864,S2-977110544,S3-298276174,S3-683741745,S2-340420883,S2-198008021,S3-64868920,S3-681673434,S3-255577798,S2-787040456,S2-679511832,S2-440207111,S2-56939673,S2-254413757,S2-379810610,S3-574534442,S3-343934684,S3-832461160,S3-285620374,S3-729562750,S2-880373574,S2-598312557,S2-722510752,S2-315775481,S2-258612635,S3-75554428,S3-45364968,S3-916140155,S2-781720719,S3-20479494,S3-77290626
S1-544222533	S3-688194826,S3-264170444,S3-853414998,S2-470617752,S3-560657213,S2-182273804,S3-398663305,S2-600460285,S3-158901285,S3-482698711,S2-222871632,S3-315595058,S3-643531990,S3-446409255,S3-448698808,S3-116557348,S3-961421742,S3-573076105,S2-621647415,S2-725167020,S2-711854311,S3-84626078,S2-202662079,S2-383876604,S3-380113570,S2-190625204,S2-769531847,S2-526493060,S3-231099763,S2-46119598,S3-52817413,S2-469081581,S2-321067876,S2-744323706,S3-217039093,S3-593500151,S3-317441331,S2-442169767,S3-810108097,S2-214168322
S1-545791724	S2-23519898,S3-409858322,S2-676069227,S3-1062100,S2-613021953,S3-873113499,S2-975502236,S3-978287417,S2-917596702,S2-719864134,S3-630840237,S3-111562263,S2-342790091,S3-398663305,S3-290413216,S2-275882814,S3-852035874,S2-697514180,S2-906594195,S3-137807983,S3-405589108,S2-895992482,S3-643284918,S2-158086966,S2-199021860,S2-540565178,S2-305637735,S2-339363122,S3-907381535,S3-621025700,S3-866935454,S3-802883757,S3-971111671,S3-191777631,S3-616747941,S3-961706443,S3-727698517,S3-935965425,S3-282633530,S2-412254468
S1-545863954	S3-337064812,S2-86010362,S2-308862519,S2-854425445,S3-170176936,S2-719864134,S2-597634181,S3-657235525,S3-484994752,S3-78681427,S3-705828303,S2-314240782,S3-802908214,S2-343566512,S2-11497933,S3-716768106,S3-10070204,S3-801858031,S2-574723490,S2-200306868,S3-319252793,S3-381935731,S2-559669701,S3-195976462,S3-472293246,S3-574534442,S3-540353197,S3-870588828,S3-937140604,S2-598312557,S2-315775481,S2-722510752,S2-388192690,S3-153388083,S2-768679434,S3-856896406,S2-416362828,S2-462866226,S3-20479494,S2-781720719
S1-546941880	S2-37424835,S3-593981074,S3-255577798,S2-388192690,S3-445543631,S2-388543405,S3-194049640,S3-257698168,S2-726058757,S2-550625611,S3-690589208,S3-918266000,S2-977110544,S2-568439667,S2-888162848,S2-769905076,S3-738758511,S2-336500242,S2-220756381,S2-783082192,S2-938169179,S2-234200980,S3-7528752,S3-626087419,S3-221443476,S3-69683574,S2-932162073,S2-40876366,S3-57664006,S3-22373856,S3-75368171,S2-768679434,S3-20762321,S2-80200813,S3-716879886,S3-20479494,S3-343548922,S3-77290626,S3-572770613,S2-416493275
S1-547053441	S3-922632740,S3-289000533,S3-80086277,S2-674785636,S2-409717420,S2-240202044,S3-657235525,S2-976793661,S2-278570858,S3-356347371,S2-615015424,S3-347519927,S2-682253147,S3-279953500,S2-123684620,S3-592033451,S2-991288907,S2-594478805,S2-92128471,S2-631174413,S2-836553957,S3-806209375,S2-977110544,S2-314240782,S2-917258438,S2-938316135,S2-378846408,S2-68759678,S2-966023861,S3-219206801,S2-583840796
S1-548433616	S2-791264119,S3-509005412,S2-234992726,S3-777418870,S3-448349907,S3-960326648,S2-127755733,S2-979096206,S3-66509585,S3-455958949,S3-897412541,S3-695341943,S2-102958975,S3-64868920,S2-539204540,S2-989542032,S2-191311189,S3-380230383,S2-903065910,S2-342720491,S3-311513626,S2-438565549,S3-729285481,S2-73309888,S2-104187102,S3-940611620,S2-536451479,S2-384601270,S2-976180948,S2-340444360,S3-234659501,S2-521049331,S2-566025912,S2-160823657,S3-952935394,S3-92755938,S2-816523255,S2-697514180,S3-55314584,S3-136619053
S1-550154910	S3-216745957,S2-510842397,S3-347087196,S2-627682672,S3-510277949,S3-22649261,S2-877133584,S3-103232508,S2-918973885,S2-175042336,S3-622017603,S2-929103679,S2-453562565,S3-122077614,S2-861422809,S2-345568659,S3-619003652,S2-960258531,S2-898849110,S3-431726820,S3-965405807,S3-664669292,S3-769518935,S3-246690251,S2-193510687,S3-73958887,S2-945687659,S3-474644511,S3-222306979,S3-415590169,S2-843672634,S2-46119598,S2-235829911,S3-217039093,S2-313905133,S2-596368087,S3-106514182,S3-967418953,S2-442169767,S3-976674051
S1-550464269	S2-759764530,S2-112287031,S2-260494879,S2-817629946,S3-640375681,S2-275882814,S2-708532933,S3-33655295,S2-582539737,S3-264170444,S3-606193838,S3-206642656,S3-780090761,S2-163865475,S3-819001322,S3-214688271,S2-627682672,S2-171518968,S2-416362828,S2-130168190,S2-843672634,S2-46119598,S3-891899299,S2-396366670,S2-54275281,S3-532782484,S2-169339199,S3-643531990,S2-819310622,S2-124355652,S2-298648749,S2-905827553,S2-480897317,S3-106514182,S2-896768736,S2-917596066,S3-815796924,S3-333411132,S2-33467562,S2-867169728
S1-550679918	S2-671019678,S3-177336223,S3-454284148,S3-23492958,S2-730055337,S2-974146456,S3-691294985,S3-872177222,S2-94145774,S3-743187888,S3-422729132,S3-937791576,S2-30931575,S2-336500242,S3-882479923,S3-394633347,S2-621647415,S3-349679455,S3-130875511,S3-110214688,S2-647447093,S2-233626843,S3-369027389,S2-741133761,S3-68321827,S2-54101700,S3-501061754,S2-960602386,S3-488946172,S3-312512383,S2-526493060,S2-46119598,S2-27508375,S2-673317537,S2-744323706,S2-292567038,S3-611681699,S3-312577481,S2-596368087,S2-649569032
S1-552090769	S3-505170939,S3-115653125,S3-127741306,S3-331435880,S3-825290001,S2-797828425,S3-231099763,S2-27508375,S2-46119598,S2-342025906,S2-270257041,S2-235829911,S2-897338634,S3-623750247,S2-601767250,S3-934577839,S2-744323706,S2-338458211,S2-292567038,S3-279361924,S2-54275281,S2-673373120,S2-537184954,S3-2378515,S2-761407187,S2-576702297,S2-893868016,S2-351143563,S3-853414998,S2-596441431,S2-141980176,S2-135491601,S2-300429766
S1-552966879	S3-843493474,S3-872013487,S3-908148625,S3-481758921,S2-761740572,S3-234659501,S2-730055337,S2-979096206,S2-192816498,S2-981369013,S3-957768361,S2-721675766,S3-876305239,S3-142722160,S2-830645124,S3-927491453,S3-693984318,S3-521921590,S3-965405807,S2-200306868,S3-797337828,S3-671697226,S3-899298661,S3-336697476,S3-942611768,S3-177336223,S3-28336419,S3-305215419,S2-248821054,S2-350400344,S3-773911112,S2-46119598,S2-235829911,S2-600460285,S3-611681699,S2-596368087,S2-655787096,S3-976674051,S3-955193605,S3-810108097
S1-553186193	S2-796991793,S3-17552184,S2-54411910,S2-60538009,S2-673317537,S2-910351373,S3-822184939,S2-884102769,S2-638268338,S3-611681699,S2-313905133,S2-501534718,S2-167404095,S3-312577481,S2-165898626,S3-962607637,S2-936916016,S2-30931575,S2-296645299,S2-902499230,S3-825917420,S2-505969853,S3-648964505,S3-82573141,S2-923816782,S3-115653125,S3-369027389,S3-844042071,S2-48932828,S2-670406970,S3-549298,S2-993370704,S3-56481369,S2-450038746,S3-127741306,S2-784442772,S3-590749550
S1-556611862	S3-96366507,S3-652287374,S3-615579872,S2-363645478,S3-53926965,S3-73755756,S3-294208174,S3-960326648,S3-260946793,S2-489476783,S2-801077041,S3-611681699,S3-68589400,S3-361863410,S2-357438552,S2-813354914,S2-36390503,S2-434336539,S2-393902595,S2-830645124,S3-967418953,S2-138331307,S2-589730625,S2-424998513,S3-521066083,S3-219024394,S3-769518935,S2-692619586,S3-70943176,S3-474644511,S2-130168190,S3-289697426,S3-503430799,S3-462677478,S2-385507714,S2-54275281,S3-955767277,S2-576702297,S3-429952239,S2-871650614
S1-559615219	S3-219310212,S2-497654662,S2-597634181,S2-245878292,S3-517069981,S2-506313032,S2-782078221,S2-682586639,S3-520005053,S2-378846408,S2-419031945,S2-258890831,S2-901270840,S2-278570858,S3-355506507,S3-367901084,S2-806209738,S2-257520714,S3-605637697,S3-214982367,S3-528485292,S3-50374457,S3-690846529,S2-595265518,S3-833076537,S3-901997932,S2-608761794,S2-348424823,S3-431084906,S3-995796854,S3-674330070,S3-294231709,S3-857176159,S3-907381535,S2-589083365,S3-856022427,S3-175964530,S3-592033451,S3-985177020,S2-199451665
S1-559968662	S3-821439308,S2-990903288,S2-106341849,S2-322554268,S2-258612635,S3-792430672,S3-492718178,S2-125567446,S3-580736465,S2-648630388,S2-55418957,S3-501171061,S3-311994839,S3-267883217,S2-241220505,S3-325621631,S2-553131106,S3-947130259,S2-622752249,S2-199021860,S2-289373702,S2-682253147,S3-84748082,S3-381935731,S2-431261713,S3-501061754,S3-557847177,S2-25830538,S2-146021424,S3-61231549,S2-526493060,S2-46119598,S3-605289520,S2-507168266,S2-625718384,S2-744323706,S3-55946551,S2-789698410,S2-54275281,S2-537184954
S1-563412246	S2-722510752,S2-866564035,S2-51615186,S2-651671642,S2-737499898,S2-315775481,S2-86010362,S3-746507879,S3-153388083,S2-597634181,S3-836337426,S2-504393659,S2-857275799,S2-857504798,S2-562716881,S3-77290626,S2-809665812,S2-222871632,S3-124578688,S3-743599689,S2-856802130,S3-899298661,S2-888652626,S3-472293246,S2-262622446,S2-932162073,S3-382243274,S3-797598442,S2-58492536,S3-937140604,S2-598312557,S3-615493175,S2-768679434,S2-700195651,S3-36348173,S2-568886805,S2-429426834,S3-668629842,S2-558638291,S2-621647150
S1-56410032	S2-498001172,S2-895992482,S2-819778009,S3-23492958,S2-342720491,S3-657919288,S3-311994839,S3-16078484,S3-950165485,S3-797598442,S2-595735456,S3-354195606,S3-316083080,S3-179214561,S2-153022216,S2-933865098,S2-429414207,S2-927573547,S3-372085852,S3-197819529,S3-24285581,S2-411773002,S2-450192914,S3-535444031,S3-540353197,S3-691294985,S3-421753436,S3-219206801,S2-206048699,S2-706548751,S3-99392192,S2-952382616,S2-352215857,S3-119839576,S2-127755733,S2-204417353,S2-225002758,S2-416962807,S2-875516379,S3-469354779
S1-564662660	S2-347507840,S3-832461160,S3-610536355,S3-615493175,S3-764805204,S3-260946793,S3-28078346,S2-365604487,S3-660592001,S2-298281864,S2-840964780,S3-640539120,S3-668629842,S3-220702244,S3-621061968,S3-923060037,S3-320542108,S2-853578683,S3-190239742,S2-779040268,S3-646756351,S2-903065910,S3-255577798,S2-510842397,S2-467863016,S2-123684620,S2-706548751,S2-440207111,S3-556228627,S3-343934684,S2-234992726,S3-36348173,S2-170268811,S2-666652825,S2-975291397,S2-781720719,S3-543939305,S2-429426834,S3-187125497,S2-793482283
S1-568320501	S2-583114929,S3-831127676,S3-852035874,S3-240958385,S3-64079929,S2-710233773,S3-646756351,S3-299980143,S3-566490588,S2-649702926,S3-934627663,S3-426802910,S3-688013575,S3-607404491,S3-192263409,S3-915597855,S3-401631450,S3-447201746,S3-171876413,S2-445598380,S2-75328302,S2-403476558,S2-521049331,S2-566025912,S3-398254055,S2-699224357,S2-791121005,S2-816523255,S2-697514180,S2-383030202,S3-136619053,S2-717201533,S3-6822167,S3-643284918,S2-468490076,S2-409273301,S2-975502236,S3-868511151,S2-540565178,S3-22321512
S1-569369299	S2-719864134,S3-977845400,S3-484994752,S2-70085549,S3-593500151,S2-562716881,S3-606193838,S3-477682199,S2-872599903,S2-429414207,S2-343566512,S2-11497933,S3-10070204,S3-796280583,S3-239848768,S2-516174026,S3-255577798,S2-973152754,S3-754823586,S2-220512313,S2-791264119,S2-919581150,S3-832461160,S2-818031985,S3-590749550,S3-507043143,S2-722510752,S2-388192690,S3-36348173,S3-45364968,S2-416362828,S2-857504798,S3-20479494,S3-668629842,S2-558638291,S2-977110544,S2-621647150,S2-572629507,S2-206048699,S2-235569498
S1-5694837	S2-768679434,S3-150632472,S2-199280788,S2-125955407,S2-730055337,S3-626034570,S3-312577481,S3-159233685,S2-793482283,S2-965614954,S2-419031945,S3-268657388,S2-80030619,S3-217903829,S3-922632740,S2-429414207,S3-317441331,S2-235569498,S2-902499230,S2-269915770,S2-703096481,S3-664467546,S3-101242901,S2-951148549,S2-268807777,S3-506705579,S3-961095579,S3-833076537,S3-10300249,S3-237604674,S2-547439488,S2-388192690,S3-518430580,S3-807090678,S2-351519794,S3-690589208,S2-636355308,S3-543939305,S2-394696306,S3-191731437
S1-570053103	S3-106428443,S3-777418870,S3-448349907,S2-462866226,S2-415633307,S2-483583787,S2-394696306,S3-532782484,S3-268657388,S3-979560154,S3-740622432,S2-657508123,S2-686535448,S3-521066083,S3-888634508,S2-613021953,S3-355506507,S3-115390426,S3-179099570,S2-7365596,S2-508597312,S2-692619586,S2-369987552,S2-666211711,S2-804364266,S2-262622446,S2-56354930,S2-498170125,S3-452650129,S3-460948462,S2-526493060,S3-231099763,S2-27508375,S2-46119598,S2-235829911,S3-909974680,S3-934577839,S2-744323706,S2-993595929,S2-537184954
S1-573827896	S2-866564035,S2-722510752,S2-497654662,S3-977845400,S2-506313032,S2-833094944,S2-782078221,S2-880373574,S3-713591626,S2-809665812,S3-520005053,S3-683741745,S2-222871632,S3-267883217,S2-134952939,S2-258890831,S2-901270840,S3-10070204,S3-355506507,S2-806209738,S2-125955407,S2-651671642,S3-528485292,S3-833076537,S3-222306979,S2-932162073,S2-262622446,S3-901997932,S3-431084906,S3-995796854,S2-598312557,S3-808387247,S3-99392192,S3-989617472,S3-153388083,S2-768679434,S2-700195651,S2-258612635,S3-294231709,S3-857176159
S1-574528784	S3-986739557,S3-904293301,S3-792430672,S3-580891382,S2-292567038,S2-416493275,S2-872599903,S2-345568659,S2-225002758,S3-652123162,S2-303061871,S3-603130097,S2-442169767,S3-381189652,S3-566792817,S3-626087419,S2-183205834,S3-465209873,S3-956639857,S3-488946172,S3-900511946,S2-442251246,S2-85144335,S2-388543405,S2-240202044,S2-793082753,S3-611302121,S2-558638291,S2-938316135,S2-198008021,S3-695341943,S3-775455620,S3-339481146,S2-642863486,S3-394633347,S2-219660332,S2-463756409,S2-17102176,S3-790378506,S2-783082192
S1-576111952	S3-649166684,S3-56481369,S2-450038746,S2-796991793,S2-902499230,S2-786671109,S3-74872076,S3-883789863,S2-578484139,S2-719864134,S2-214168322,S3-477682199,S3-61963480,S3-10300249,S3-648964505,S2-493543131,S3-501478524,S2-797348450,S3-525615575,S3-703660917,S2-871779147,S3-294717043,S3-657521923,S3-891899299,S2-673317537,S3-675201184,S2-810688876,S3-217039093,S2-313905133,S2-501534718,S2-434748052,S3-180537830,S3-220702244,S2-22034959,S3-333411132,S2-686535448,S2-851305685,S3-288440193,S3-110214688,S2-923816782
S1-577269922	S2-771719189,S2-276569893,S2-750801102,S3-712308497,S2-827722721,S2-256206990,S2-918973885,S3-294208174,S2-175042336,S3-741815994,S2-906594195,S2-80030619,S2-916015676,S2-858333878,S3-825290001,S2-225122945,S3-173398261,S3-965405807,S2-192345572,S2-193510687,S2-138070868,S3-378054173,S2-945687659,S2-575952928,S3-994258368,S3-784451810,S3-227725397,S3-222306979,S3-474644511,S2-657995058,S3-503430799,S2-27508375,S2-46119598,S2-783899214,S2-342025906,S2-469081581,S2-672191745,S2-338458211,S2-744323706,S2-696438552
S1-581360597	S3-68321827,S2-819778009,S2-952382616,S3-23492958,S2-974146456,S3-349679455,S3-937791576,S3-691294985,S2-233626843,S3-101242901,S3-743187888,S2-336500242,S2-400190057,S2-498001172,S3-878936770,S2-220756381,S2-574723490,S3-833076537,S2-980552823,S2-895776476,S2-886358300,S2-450192914,S2-753125951,S3-150632472,S2-479477181,S3-540093376,S2-951148549,S2-199280788,S2-125955407,S3-325621631,S3-335312367,S2-702263933,S3-119839576,S2-927573547,S2-342720491,S2-204417353,S2-254413757,S3-481581345,S2-399869899,S2-239070834
S1-581863940	S2-673317537,S3-56481369,S3-537298639,S2-725167020,S3-312512383,S2-54101700,S2-60538009,S2-910351373,S3-230737613,S2-147498899,S3-422729132,S2-645886241,S3-822184939,S2-638268338,S3-369027389,S3-17552184,S2-526493060,S2-27508375,S3-675201184,S2-313905133,S3-61589354,S3-478971264,S2-165898626,S2-941100325,S2-336821634,S2-739997154,S2-298648749,S2-649569032,S2-296645299,S2-797828425,S2-686535448,S3-825917420,S3-82573141,S2-923816782,S3-774736455,S3-279361924,S2-48932828,S2-541125444,S2-671019678,S3-853414998
S1-587404171	S2-761740572,S2-576201028,S3-190239742,S2-365604487,S2-871683148,S2-749392034,S2-719864134,S2-797828425,S3-606815816,S2-270257041,S2-897338634,S3-623750247,S2-601767250,S2-334939365,S3-198537118,S2-797348450,S3-810888025,S2-341862186,S2-292567038,S3-597303817,S2-350628155,S2-268807777,S3-622017603,S2-463366311,S3-741815994,S3-373833624,S2-525004536,S2-576702297,S3-679867068,S2-275110987,S2-936916016,S2-871650614,S2-847643624,S2-596441431,S2-846609706
S1-590126941	S2-379810610,S2-127755733,S2-336500242,S2-340420883,S2-726058757,S3-46611218,S2-547439488,S3-530654091,S3-695973055,S2-240202044,S2-245878292,S3-916140155,S3-690589208,S3-827776680,S3-191484959,S2-378846408,S2-198008021,S2-378555943,S3-802908214,S3-738758511,S2-539204540,S2-543939410,S3-190239742,S3-768772995,S2-938169179,S2-234200980,S2-862000237,S2-681236478,S2-508597312,S3-626087419,S2-80295737,S3-119839576,S2-239070834,S2-235259222,S3-776030941,S3-175964530,S2-638268338,S2-877531568,S2-550738304,S2-621647150
S1-590781135	S2-539204540,S2-269300058,S2-112287031,S3-389830698,S2-245878292,S2-462933950,S3-45364968,S2-799457326,S3-743187888,S2-857504798,S2-641777383,S2-914966490,S3-918266000,S2-293341063,S2-357180028,S3-937791576,S2-429414207,S3-481281044,S2-266529850,S2-911310489,S2-450192914,S3-349679455,S2-549810915,S2-866564035,S3-84626078,S3-68321827,S3-976515721,S2-306547398,S2-495604525,S2-103781604,S2-388192690,S2-553274633,S2-783995897,S3-741835199,S3-78681427,S2-936125922,S2-416362828,S3-912471660,S3-549513530,S2-938316135
S1-591377734	S2-308862519,S3-356347371,S3-468731115,S3-162815052,S3-219206801,S2-102958975,S3-249624801,S3-913148143,S2-962455440,S2-491551718,S2-598312557,S3-474850204,S2-375151053,S3-615493175,S3-20479494,S3-668629842,S2-558638291,S2-187743820,S2-419031945,S2-395671932,S3-267883217,S3-1532315,S2-534182089,S2-783082192,S2-615015424,S3-347519927,S2-49777022,S3-214982367,S2-432415976,S2-845107728,S2-763720598,S3-382328733,S3-686244553,S3-215199655,S3-674330070
S1-591894902	S2-966780876,S2-308862519,S3-257471680,S2-372458033,S2-895776476,S2-424599024,S3-80086277,S2-388192690,S2-219660332,S2-17102176,S2-793082753,S2-936125922,S3-45364968,S2-615015424,S3-347519927,S2-682586639,S3-690589208,S2-123684620,S3-592033451,S2-991288907,S3-646547625,S2-92128471,S2-508597312,S2-631174413,S2-836553957,S3-77290626,S2-205836707,S2-917258438,S3-966021760,S2-247144607,S3-343934684,S2-966023861,S2-220756381,S2-426549931
S1-594021398	S3-9842107,S3-810108097,S3-743729368,S2-765689508,S2-235829911,S2-146545453,S3-812853393,S3-155795126,S3-183674905,S2-462866226,S3-527612989,S2-283264445,S2-819310622,S3-330359437,S2-20473893,S2-862435993,S3-716768106,S3-600418036,S3-389257885,S2-851305685,S3-355506507,S3-236881445,S3-884473350,S2-233626843,S2-199280788,S2-456952016,S3-232385421,S3-367727512,S2-818031985,S3-864360820,S2-526493060,S2-46119598,S3-231099763,S2-507168266,S2-334939365,S2-501534718,S3-705828303,S2-54275281,S2-153968942,S2-655787096
S1-595486290	S2-493543131,S3-143717382,S3-175443554,S2-269204507,S2-999235003,S3-599066239,S2-169339199,S2-648203570,S3-544334666,S2-991671297,S3-652441284,S2-729157829,S3-890827221,S3-207721934,S3-167700207,S3-115653125,S3-900511946,S3-294208174,S2-736586353,S2-141980176,S2-733379415,S2-334939365,S2-393698052,S2-345568659,S3-317441331,S2-442169767,S3-927491453,S2-300429766,S3-801858031,S2-787861634,S3-333411132,S2-897338634,S3-623750247,S2-894301935,S2-956479781,S2-248233059,S2-642493550,S3-222306979,S3-565320535,S3-177336223
S1-595583207	S3-98855106,S2-271875776,S3-514572990,S2-714953620,S3-70211138,S2-375151053,S2-221302335,S3-900116490,S3-794951235,S3-356347371,S3-249624801,S2-884102769,S2-400190057,S2-872599903,S3-220702244,S3-226896868,S3-802908214,S2-962455440,S3-265204232,S3-726147053,S3-162815052,S2-973152754,S2-543623385,S3-605637697,S3-660132186,S2-154961257,S3-468731115,S2-874952494,S3-507043143,S3-644424345,S2-80295737,S2-240202044,S3-807090678,S3-892319511,S3-592033451,S2-550738304,S2-199451665,S2-416493275,S2-378846408,S2-647740777
S1-597621907	S3-336697476,S3-872013487,S3-289000533,S2-22034959,S2-761740572,S3-234659501,S3-44892628,S2-979096206,S2-351519794,S2-192816498,S2-981369013,S3-908148625,S2-721675766,S3-876305239,S3-142722160,S3-662721327,S3-927491453,S3-325621631,S3-481758921,S3-801858031,S3-306853514,S2-113115082,S3-965405807,S3-246690251,S3-899298661,S2-491343764,S3-942611768,S3-305215419,S3-945390736,S2-350400344,S2-899542587,S2-46119598,S2-102506722,S2-80200813,S3-703660917,S2-918973885,S3-329012794,S3-158901285,S3-958955314,S3-217903829
S1-598136304	S3-810108097,S2-862435993,S3-389257885,S2-283264445,S3-125349995,S2-235829911,S3-662861736,S2-896768736,S3-716768106,S3-600418036,S3-336697476,S3-527612989,S2-765689508,S3-743729368,S2-850040932,S2-456952016,S3-232385421,S2-819310622,S3-9842107,S3-572143343,S2-146545453,S3-286018627,S3-330359437,S3-812853393,S3-155795126,S3-864360820,S2-749392034,S3-977845400,S2-473992508,S2-753618829,S2-89239695,S2-627682672,S2-634571997,S2-556607231,S2-410411373,S2-596368087,S3-976674051,S2-867169728,S3-250853646,S3-288440193
S1-598558953	S2-866564035,S2-682586639,S3-852602832,S2-722510752,S2-857504798,S3-964553985,S3-153388083,S2-809665812,S2-222871632,S2-932162073,S3-294231709,S2-262622446,S3-836337426,S3-901997932,S3-382243274,S3-960416326,S3-526395226,S3-559022742,S2-651671642,S2-258612635,S2-292165524,S3-690589208,S2-462866226,S2-246629472,S2-781720719,S3-77290626,S2-240825627,S3-593981074,S2-479477181,S2-280607105,S2-235569498,S2-20473893,S3-979560154,S2-364440651,S2-113115082,S2-911310489,S3-255577798,S2-805826813,S2-49777022,S2-432415976
S1-603458137	S3-100799892,S2-342655156,S2-578484139,S2-234992726,S3-448349907,S3-605289520,S3-776030941,S3-66509585,S2-6860805,S3-897412541,S2-462183999,S2-164709711,S3-695341943,S2-853058328,S2-206048699,S2-534182089,S2-972087927,S2-539204540,S2-980552823,S2-416962807,S2-342720491,S2-388594236,S3-940611620,S2-536451479,S2-411773002,S2-119647643,S2-608761794,S2-976180948,S2-340444360,S2-248821054,S2-85144335,S2-854425445,S3-657235525,S2-748040994,S2-31694455,S3-592033451,S3-20479494,S3-343548922,S3-514572990,S3-806209375
S1-603731465	S2-977401479,S2-376908945,S2-987550636,S2-392595553,S2-791121005,S3-868511151,S2-412254468,S3-234659501,S2-158121477,S2-704784114,S3-606217734,S3-971111671,S3-367504316,S3-561839301,S3-935965425,S3-899716627,S2-70822028,S3-703496100,S2-262646344,S3-959298060,S2-742018880,S3-944195300,S3-31888634,S2-645886241,S2-24099038,S2-459485143,S3-236200942,S3-620755797,S3-24193561,S2-991545286,S2-993515161,S2-878037834,S3-866935454,S3-398254055,S3-191777631,S3-566490588,S2-160823657,S3-852035874,S3-1062100,S2-383030202
S1-605505884	S2-990903288,S3-170176936,S3-657235525,S3-484994752,S2-340880073,S2-625718384,S2-365604487,S2-314240782,S3-715117209,S2-574723490,S2-219660332,S2-200306868,S3-852602832,S3-445101009,S2-866564035,S2-341862186,S2-540182433,S3-195976462,S2-641374867,S3-472293246,S3-540353197,S3-574534442,S3-870588828,S3-526395226,S2-526493060,S2-46119598,S2-27508375,S3-231099763,S2-270257041,S2-507168266,S3-934577839,S2-321067876,S2-334939365,S2-652960468,S2-744323706,S2-847938260,S3-622017603,S2-385507714,S2-537184954,S3-464265492
S1-607302089	S3-646547625,S3-966021760,S3-340374288,S3-289697426,S2-292165524,S2-37424835,S2-434748052,S3-683291192,S3-668629842,S3-532782484,S3-9842107,S3-510277949,S2-742018880,S2-657508123,S2-576201028,S3-190239742,S2-234200980,S2-226111615,S3-73755756,S2-329140637,S2-369987552,S3-383620013,S3-28336419,S2-388543405,S3-182239647,S3-856022427,S3-716879886,S3-690589208,S3-22373856,S2-298281864,S3-543939305,S2-415633307,S2-938316135,S3-339481146,S2-534182089,S2-701289183,S3-10070204,S3-267547161,S3-790378506,S3-213199104
S1-60876864	S3-481551569,S3-509005412,S2-727695265,S3-515717408,S2-518383016,S2-465143244,S2-160823657,S3-773458342,S3-583976846,S3-549513530,S3-347087196,S3-636367698,S3-45395949,S2-485885002,S2-412254468,S2-435938329,S3-700534009,S2-424998513,S3-306853514,S3-287107415,S2-933724724,S2-621647415,S3-460759790,S2-424599024,S2-592412285,S3-267108456,S3-348068567,S3-661881573,S2-530685908,S3-320488619,S2-899542587,S2-753618829,S2-925400951,S3-286512684,S3-217039093,S2-313905133,S2-167404095,S3-643531990,S2-55418957,S3-967418953
S1-608940471	S2-779864364,S3-579148893,S2-919581150,S2-470513530,S3-44892628,S2-468490076,S2-543939410,S2-710233773,S3-695502221,S3-899716627,S3-504811762,S2-476476786,S3-671697226,S3-244285,S2-206048699,S3-674330070,S2-878037834,S3-191777631,S3-616747941,S3-961706443,S2-862578020,S3-727698517,S3-935965425,S3-1062100,S3-505492976,S2-383030202,S2-585918330,S3-282633530,S2-412254468,S2-823495263,S2-23519898,S3-549736271,S2-613021953,S2-64479721,S2-409273301,S2-800542765,S2-975502236,S3-432126489,S2-438565549,S2-917596702
S1-613214928	S2-783082192,S2-179705599,S3-194049640,S2-768679434,S3-257698168,S3-853096152,S2-730055337,S2-815721073,S2-584492860,S3-626034570,S2-192816498,S2-374632896,S3-760959067,S3-343548922,S3-606193838,S2-568439667,S2-80030619,S3-726772995,S2-703096481,S2-289373702,S3-573605691,S3-664467546,S2-407447896,S2-681236478,S2-432415976,S3-999219872,S2-795335462,S2-390533432,S2-696588819,S2-171518968,S3-808387247,S2-85144335,S2-315775481,S3-857176159,S2-530061167,S3-856022427,S2-991288907,S3-592033451,S2-550738304,S3-481434145
S1-614259237	S3-836337426,S3-733735582,S3-658460113,S3-989976791,S3-856896406,S3-857176159,S3-456593429,S2-568886805,S2-893716684,S2-638268338,S2-991288907,S3-604715797,S3-872205830,S3-668979909,S3-616482026,S2-476468994,S2-60538009,S3-683741745,S2-938316135,S2-225002758,S3-822184939,S2-303061871,S3-422815078,S2-370796080,S3-521783865,S3-749494147,S2-856802130,S3-540093376,S2-239070834,S2-880373574,S3-666943106,S2-598312557,S2-388192690,S3-615493175,S2-768679434,S3-75554428,S3-45364968,S2-462866226,S3-20479494,S3-668629842
S1-615018738	S2-275882814,S2-582539737,S3-780090761,S2-699224357,S2-956952534,S3-969662978,S3-915560653,S2-86010362,S2-112287031,S3-391823164,S3-626087419,S2-395778865,S2-866429334,S3-191777631,S2-170268811,S2-268861424,S3-802908214,S3-538370350,S3-568974033,S2-226111615,S2-340444360,S2-654270940,S3-320488619,S3-925887761,S2-440207111,S3-398254055,S3-853096152,S3-36174880,S3-367504316,S2-647945622,S2-21907891,S2-580586919,S3-477828510,S3-41415156,S2-525391570,S2-284570733,S3-688013575,S2-383030202,S2-70822028,S2-445598380
S1-616465752	S3-873113499,S2-878037834,S3-8200545,S2-993515161,S2-127755733,S3-543902884,S3-290413216,S3-912471660,S3-41415156,S2-476468994,S3-852035874,S2-53149930,S2-376908945,S2-392595553,S3-735677932,S3-703481876,S2-412254468,S3-272775451,S3-693984318,S2-965682240,S3-77632293,S3-831127676,S3-889671181,S2-676069227,S2-630783962,S2-478128946,S2-269300058,S3-382243274,S3-305215419,S3-887718222,S3-200532536,S3-866935454,S2-400493855,S3-36174880,S3-971111671,S3-191777631,S2-229203598,S3-961706443,S2-160823657,S3-935965425
S1-619110488	S2-308418230,S3-940132125,S2-92128471,S2-993515161,S3-70211138,S3-175443554,S3-945362795,S3-219310212,S2-66101295,S2-478939888,S3-890827221,S2-104187102,S2-526493060,S3-62187351,S3-197707249,S2-46119598,S3-462677478,S2-321067876,S2-334939365,S3-460206531,S3-810888025,S2-847938260,S3-329012794,S2-537184954,S3-919398167,S2-596368087,S3-613147989,S2-596441431,S3-432574593,S2-867169728,S2-81665438,S2-535612524,S2-179065185,S2-956479781,S3-170975522,S3-253977022,S3-256502380,S2-698031192,S3-162500917,S3-481551569
S1-621024	S2-737499898,S2-8736718,S3-552599122,S2-663959226,S3-100363030,S3-514174091,S3-456593429,S2-690368889,S3-422815078,S2-7365596,S3-863521415,S3-162993152,S2-498001172,S3-399738814,S2-54101700,S3-975969666,S3-545765346,S2-867917626,S2-33428201,S3-194049640,S2-778895506,S3-955767277,S3-355506507,S2-806209738,S3-371003220,S3-574534442,S2-292978314,S2-582157971,S3-23492958,S2-127755733,S2-240202044,S3-776030941,S2-504393659,S2-416362828,S2-232181140,S2-927573547,S2-225002758,S2-416962807,S2-28901364,S2-467863016
S1-621676240	S2-598312557,S3-485517879,S3-28078346,S2-298281864,S2-400190057,S2-420681243,S3-775447058,S2-835489415,S3-64868920,S3-96054713,S3-971063817,S3-265204232,S2-370796080,S2-450192914,S2-938169179,S2-903065910,S3-255577798,S2-679511832,S3-665811613,S3-341799280,S2-300060087,S3-282321912,S2-123627795,S2-949729542,S3-870558068,S3-240733649,S3-540353197,S3-343934684,S3-832461160,S3-16796141,S2-722510752,S2-315775481,S2-388192690,S3-615493175,S2-240202044,S3-45364968,S2-416362828,S2-462866226,S2-781720719,S3-668629842
S1-623031914	S3-68321827,S2-702263933,S3-481581345,S3-349679455,S3-657919288,S3-937791576,S3-691294985,S2-51615186,S2-782078221,S3-576703765,S3-504811762,S2-877531568,S3-101242901,S2-737499898,S3-668629842,S2-815181762,S3-994258368,S2-204417353,S3-257698168,S3-331873108,S2-793082753,S2-164709711,S3-857176159,S2-225002758,S3-938520257,S2-911310489,S2-233626843,S3-486371120,S3-743187888,S3-995796854,S3-733735582,S2-819778009,S2-952382616,S2-2920056,S2-836553957,S3-119839576,S2-254413757,S2-399869899,S3-558285322,S3-355506507
S1-626957328	S3-160961194,S2-682586639,S2-314240782,S3-745195971,S3-808387247,S3-325621631,S2-364440651,S2-388192690,S3-615493175,S2-113115082,S2-258612635,S2-292165524,S3-319252793,S2-805826813,S3-175964530,S2-884102769,S2-866564035,S3-481434145,S2-645330149,S3-20479494,S3-626087419,S3-668629842,S2-20473893,S2-965432715,S2-187743820,S2-419031945,S2-621647150,S3-67441115,S2-585589926,S2-193013091,S3-535444031,S3-337064812,S3-215199655,S2-426549931
S1-628750886	S2-503966344,S3-866935454,S3-549736271,S3-409858322,S3-423182087,S2-613021953,S2-170244057,S3-146360385,S2-336076880,S2-229203598,S3-660592001,S2-840964780,S2-914966490,S2-317480348,S3-927656784,S2-441692657,S3-712130770,S2-516174026,S2-577711295,S3-267516505,S2-538322067,S3-964553985,S2-274269958,S2-672392100,S3-556228627,S3-230737613,S2-537953677,S3-184174096,S3-332250323,S3-885210293,S2-878037834,S2-975631805,S2-750817241,S3-802883757,S3-191777631,S2-505302528,S2-160823657,S2-862578020,S2-816523255,S3-572525205
S1-635915279	S3-245921597,S3-96795509,S2-342655156,S3-509005412,S3-777418870,S3-448349907,S3-66509585,S3-542159634,S2-947896922,S3-61963480,S3-220702244,S2-336821634,S3-695341943,S2-393902595,S2-102958975,S3-841734573,S3-358432918,S3-447259837,S2-975659148,S2-989542032,S3-861554347,S2-342720491,S2-543623385,S3-311513626,S2-73309888,S2-638119570,S3-940611620,S3-813547907,S2-575142052,S2-411773002,S2-526493060,S2-27508375,S2-342025906,S2-270257041,S2-507168266,S3-934577839,S2-799457326,S2-292567038,S3-78200790,S2-385507714
S1-637166800	S2-578484139,S2-704784114,S3-515717408,S2-446761313,S3-797870133,S2-975291397,S2-462866226,S3-683291192,S2-861422809,S3-833970055,S2-975659148,S2-153022216,S3-347519927,S2-407447896,S2-24099038,S2-126915805,S2-919581150,S2-595265518,S2-459485143,S3-630998672,S3-16796141,S2-722510752,S2-315775481,S2-598312557,S2-388192690,S2-768679434,S2-240202044,S3-45364968,S2-550625611,S2-416362828,S2-781720719,S2-558638291,S2-147498899,S2-378846408,S3-191731437,S2-134952939,S2-750187901,S2-426549931,S2-219660332,S2-199021860
S1-640880009	S3-760959067,S3-275013845,S2-340880073,S3-912471660,S2-199451665,S3-59736918,S2-910351373,S3-316195809,S2-972087927,S2-975659148,S2-20473893,S2-574723490,S2-370796080,S3-166269529,S2-938169179,S2-574951813,S2-543623385,S2-432415976,S3-391823164,S2-56939673,S2-638119570,S3-813547907,S3-22088661,S3-227725397,S2-575142052,S2-411773002,S2-537953677,S3-382328733,S2-51615186,S3-674330070,S3-989617472,S2-388192690,S2-768679434,S3-657235525,S3-416247723,S3-518430580,S3-442566277,S3-690589208,S2-636355308,S3-604715797
S1-643209618	S3-615579872,S2-363645478,S2-20595754,S3-652287374,S3-749350856,S3-904293301,S2-489476783,S2-793082753,S2-682305910,S3-488074618,S3-68589400,S3-294208174,S3-361863410,S2-954075074,S2-927573547,S2-395778865,S3-53926965,S2-393902595,S2-888162848,S3-967418953,S2-589730625,S2-424998513,S3-769518935,S3-938520257,S3-73755756,S2-692619586,S3-96366507,S2-973829465,S3-33655295,S3-474644511,S2-270257041,S2-338458211,S2-385507714,S2-169339199,S2-739997154,S2-290349597,S2-298648749,S2-296645299,S3-18976400,S2-340448960
S1-643493833	S3-474850204,S2-245878292,S2-147498899,S3-367901084,S2-682253147,S3-749350856,S2-872782933,S2-170890750,S3-517069981,S2-753618829,S2-791121005,S2-298281864,S3-872205830,S3-514572990,S3-955767277,S3-841734573,S2-370796080,S2-911375648,S3-841034461,S2-278570858,S2-974757357,S2-887008334,S3-75604340,S2-633888738,S3-266018996,S3-395400724,S3-560440324,S3-286018627,S2-651461416,S3-966230926,S2-722510752,S2-578484139,S2-388192690,S3-45364968,S2-568886805,S2-416362828,S2-781720719,S2-222871632,S2-378846408,S3-124578688
S1-64462728	S2-795335462,S3-844042071,S2-124355652,S2-245492787,S3-44375592,S2-469081581,S2-256206990,S2-70085549,S2-2920056,S3-527612989,S3-532782484,S2-169339199,S3-526709055,S2-357180028,S3-355846923,S2-442790965,S3-841734573,S3-106514182,S3-879002896,S2-54411910,S3-841034461,S2-424599024,S2-633888738,S2-477732440,S3-382077226,S3-170975522,S3-464088678,S2-154961257,S3-865293282,S3-29698559,S3-231099763,S2-46119598,S2-342025906,S2-672191745,S2-696438552,S2-385507714,S2-882256872,S2-872599903,S2-596368087,S2-771719189
S1-649110450	S3-231099763,S2-899542587,S2-867917626,S2-192816498,S3-191484959,S3-683291192,S3-572770613,S3-674207500,S2-905827553,S3-636367698,S2-91100310,S2-919585353,S3-431726820,S3-623589664,S2-894301935,S2-862000237,S3-795001586,S3-783337925,S2-63117139,S2-56939673,S2-613647075,S3-825495383,S3-986739557,S2-541548865,S2-750801102,S3-260946793,S2-170890750,S2-672191745,S2-600460285,S3-810888025,S2-442790965,S3-717745791,S3-604980231,S2-11764648,S3-432574593,S2-867169728,S2-940730427,S2-535612524,S2-73196616,S2-881978571
S1-650304466	S2-8736718,S2-54101700,S2-582157971,S2-737499898,S2-872782933,S3-552599122,S2-867917626,S3-545765346,S3-194049640,S3-843493474,S2-663959226,S3-514174091,S3-422815078,S3-975969666,S2-33428201,S2-200306868,S2-976793661,S3-797337828,S2-806209738,S2-690368889,S2-7365596,S3-863521415,S2-498001172,S3-266018996,S3-221443476,S2-275148474,S3-456593429,S2-248821054,S2-947273350,S3-689205085,S2-765689508,S3-712308497,S3-891899299,S2-235829911,S2-537184954,S3-100363030,S2-905827553,S3-425007676,S2-867169728,S2-191311189
S1-650650055	S2-530685908,S2-127971493,S3-986560205,S3-75368171,S2-951545184,S2-752369607,S3-576431503,S2-550697952,S2-313905133,S2-770009498,S3-478971264,S2-286973338,S3-677098350,S3-59736918,S2-568439667,S3-922191827,S2-905827553,S2-134952939,S2-206048699,S2-898536195,S3-96054713,S2-510842397,S2-335659628,S3-92829856,S2-540182433,S2-241023816,S3-689974753,S2-351143563,S2-25830538,S3-365545709,S3-231099763,S3-977845400,S2-46119598,S2-141980176,S3-185580229,S3-622017603,S2-596368087,S3-358432918,S2-596441431,S3-172493361
S1-653070765	S2-86010362,S3-288440193,S3-483958914,S2-872782933,S2-597634181,S2-106341849,S3-616747941,S3-900116490,S3-973665746,S2-562716881,S3-640539120,S2-464227034,S3-613147989,S3-347087196,S3-716768106,S3-579148893,S2-898849110,S2-984790670,S3-219024394,S2-574951813,S3-115653125,S3-323904182,S3-219041197,S3-216745957,S2-895906111,S3-266018996,S3-472293246,S2-759764530,S2-578788567,S3-937140604,S3-867263634,S3-231099763,S2-46119598,S2-827722721,S3-455958949,S2-696438552,S2-607113212,S2-385507714,S2-54275281,S3-532782484
S1-653149647	S3-844042071,S2-344390896,S2-633888738,S3-44375592,S2-469081581,S2-256206990,S3-705828303,S3-532782484,S2-124355652,S3-355846923,S3-841734573,S3-106514182,S3-879002896,S2-442169767,S2-634068583,S3-841034461,S2-560710588,S3-349679455,S2-424599024,S3-641559642,S2-431261713,S2-945687659,S2-477732440,S2-795335462,S3-170975522,S3-464088678,S2-154961257,S3-324762151,S3-865293282,S3-29698559,S3-197707249,S2-635662750,S2-80200813,S3-478971264,S2-54275281,S3-895598264,S3-429952239,S2-936916016,S3-942743916,S3-600418036
S1-655700316	S2-240825627,S3-872205830,S2-652123638,S3-99392192,S3-447259837,S3-975969666,S2-22799180,S3-358955723,S2-158086966,S3-802883757,S3-36348173,S3-367504316,S3-319252793,S3-575850065,S2-787040456,S3-45364968,S2-351519794,S2-681236478,S2-598312557,S3-153388083,S2-793082753,S2-258612635,S3-75554428,S3-916140155,S2-462866226,S3-20479494,S2-781720719,S3-77290626,S3-668629842,S2-809665812,S2-621647150,S2-198008021,S3-234011238,S2-395671932,S2-235569498,S3-337064812,S2-20473893,S3-152598937,S3-265204232,S3-469354779
S1-655802552	S3-835032939,S2-508597312,S2-993515161,S2-878037834,S2-823495263,S3-866935454,S2-503966344,S2-23519898,S3-549736271,S2-20798878,S3-971111671,S3-191777631,S3-31888634,S2-613021953,S3-561839301,S3-616747941,S2-64479721,S3-957068009,S3-961706443,S3-432126489,S2-438565549,S2-305637735,S2-160823657,S3-974312614,S2-491343764,S3-935965425,S3-1062100,S2-339363122,S3-137807983,S3-887718222,S3-282633530,S3-978287417
S1-657028371	S3-320542108,S2-775523121,S3-200532536,S3-808387247,S2-947273350,S3-904293301,S3-741835199,S2-983351215,S2-246629472,S2-594478805,S3-290413216,S2-470513530,S2-525391570,S3-668629842,S2-809665812,S2-60538009,S3-735677932,S2-303061871,S3-549736271,S2-938065576,S2-468490076,S2-318808106,S2-217900075,S3-77632293,S2-817276686,S2-536451479,S2-390533432,S3-572176821,S2-508590881,S3-568974033,S3-398254055,S3-853096152,S2-647945622,S2-229203598,S2-670917034,S2-21907891,S3-855282751,S2-580586919,S2-624492996,S3-41415156
S1-657251225	S2-540182433,S2-39872285,S2-352215857,S2-951545184,S2-127971493,S2-530061167,S2-550625611,S2-313905133,S2-916015676,S3-267883217,S2-134952939,S3-715117209,S2-528929761,S3-570090257,S3-367901084,S3-652441284,S2-416962807,S3-179099570,S3-963242645,S3-577972146,S3-195976462,S2-945687659,S2-641374867,S3-626087419,S2-595265518,S3-177336223,S2-77137709,S2-59040544,S2-736586353,S2-46119598,S2-469081581,S2-584492860,S2-102506722,S3-497775376,S3-516583759,S2-292567038,S3-78200790,S3-180537830,S2-858333878,S2-596441431
S1-659666950	S3-481551569,S2-621647415,S3-509005412,S3-610536355,S3-821572423,S3-251522598,S2-160823657,S2-910351373,S2-376908945,S3-636367698,S2-485885002,S2-412254468,S2-574723490,S2-424998513,S3-306853514,S2-866429334,S2-333148428,S3-445101009,S2-973829465,S3-737363811,S3-365302134,S3-227725397,S2-107820820,S2-469081581,S3-217039093,S2-313905133,S3-329012794,S3-180537830,S2-896768736,S3-967418953,S2-442169767,S3-590749550,S3-810108097,S3-882479923,S3-649166684,S2-214168322,S3-2045650,S3-389257885,S3-573076105,S2-851305685
S1-660977005	S3-640375681,S2-276569893,S3-986560205,S3-986739557,S2-547439488,S3-193324646,S3-518430580,S2-118916909,S3-542159634,S2-167404095,S3-732122684,S2-165898626,S3-654987910,S3-220702244,S2-336821634,S3-652123162,S2-378555943,S3-464265492,S2-30931575,S3-736494730,S2-984790670,S3-219024394,S3-399526928,S2-6184028,S3-460759790,S3-884473350,S2-193510687,S3-191842349,S3-572432762,S2-773257998,S2-130168190,S2-526493060,S3-231099763,S2-46119598,S2-413983703,S2-270257041,S3-611681699,S2-406149845,S3-622017603,S2-54275281
S1-661144640	S2-431261713,S2-322554268,S3-243201022,S3-769518935,S3-395400724,S2-839110260,S2-77137709,S3-626034570,S3-867263634,S2-715963433,S3-95653077,S3-919029749,S2-589083365,S3-312577481,S3-547831888,S2-395778865,S2-449438476,S3-570090257,S3-239848768,S3-367901084,S3-652441284,S3-958487791,S3-963242645,S3-577972146,S2-945687659,S3-70943176,S2-56939673,S3-903689423,S2-662724974,S2-59040544,S2-877133584,S2-313905133,S2-22034959,S3-927491453,S3-102882344,S3-116557348,S3-2045650,S2-851305685,S2-510842397,S3-110214688
S1-666592077	S3-515717408,S2-663700902,S3-843493474,S3-155795126,S2-126915805,S2-85084966,S2-153022216,S3-683291192,S2-861422809,S2-491607559,S2-450192914,S3-651489735,S3-657919288,S3-833970055,S3-662721327,S2-852042207,S3-201183791,S2-877133584,S2-841642984,S3-973665746,S3-895598264,S3-741815994,S3-255150389,S3-643531990,S2-916015676,S3-876305239,S2-349043036,S3-636367698,S2-896768736,S3-102882344,S3-649166684,S2-851305685,S3-526611118,S3-179099570,S3-844042071,S2-48932828,S3-549298,S2-154961257,S2-525004536,S2-480897317
S1-667272642	S3-182558974,S2-23519898,S3-549736271,S3-191777631,S2-613021953,S3-572176821,S2-403476558,S3-561839301,S2-342790091,S2-229203598,S3-157224914,S2-414029769,S2-717201533,S2-975659148,S2-148614998,S3-369430171,S3-777809192,S2-468490076,S2-401513784,S2-726853276,S3-401631450,S2-297579015,S2-659544192,S2-858213429,S2-982792981,S3-556228627,S2-575142052,S2-107820820,S2-991545286,S3-887718222,S2-750817241,S2-400493855,S3-630840237,S3-616747941,S3-192263409,S3-580891382,S2-955876497,S3-952935394,S3-409858322,S3-677352980
S1-669434847	S2-86010362,S2-179705599,S3-568974033,S2-170268811,S2-726058757,S3-25636760,S3-703660917,S2-246629472,S2-789698410,S2-395778865,S3-355846923,S3-802908214,S2-830645124,S2-654270940,S2-787861634,S2-20798878,S3-423182087,S2-20595754,S2-866429334,S3-573605691,S2-730294781,S3-115653125,S3-391823164,S3-230737613,S2-306547398,S2-268861424,S2-252115955,S3-589030069,S2-6860805,S3-320488619,S2-853556005,S2-46119598,S2-27508375,S2-469081581,S2-625718384,S2-744323706,S2-799457326,S2-696438552,S2-185241768,S3-478971264
S1-66970748	S3-464507396,S3-246690251,S2-22034959,S2-852042207,S3-75368171,S2-245492787,S2-815721073,S2-733379415,S2-127971493,S3-960416326,S2-781720719,S2-340420883,S2-225002758,S3-289000533,S3-106514182,S3-662721327,S3-200553210,S3-506810019,S3-801858031,S2-289373702,S2-284564865,S2-28901364,S2-104187102,S3-999219872,S3-96366507,S3-777285032,S3-878176472,S2-267512484,S3-50281059,S3-945390736,S2-501534718,S3-210636387,S3-532782484,S2-283264445,S2-596368087,S2-563202302,S3-841734573,S3-510277949,S3-358432918,S3-172493361
S1-674871004	S3-464265492,S3-986560205,S3-986739557,S3-70211138,S3-640375681,S2-170890750,S2-478939888,S2-118916909,S2-92128471,S3-622017603,S2-66101295,S3-661249181,S3-606815816,S2-308418230,S3-884473350,S2-193510687,S3-572432762,S2-773257998,S3-945362795,S2-77137709,S2-526493060,S3-231099763,S2-270257041,S2-507168266,S2-334939365,S2-744323706,S2-292567038,S2-169339199,S2-537184954,S3-849725135,S2-596368087,S2-298648749,S3-812557085,S2-596441431,S2-135491601,S3-825290001,S2-867169728,S2-897338634,S2-601767250,S3-279361924
S1-677484813	S2-888652626,S3-724869974,S2-595265518,S2-142569598,S3-389257885,S2-187743820,S3-246690251,S2-278570858,S3-238774081,S2-741561142,S3-856022427,S2-103781604,S3-195976462,S2-526493060,S2-27508375,S2-270257041,S3-331435880,S3-909974680,S2-733379415,S3-934577839,S2-338458211,S2-385507714,S2-54275281,S2-442169767,S2-300429766,S2-797828425,S3-993672239,S2-53062433,S2-491607559,S3-623750247,S2-469696634,S3-220575318,S2-956479781,S2-443595944,S3-279361924,S2-673373120,S2-541125444,S2-351143563,S2-348428540,S2-698031192
S1-680637447	S2-991613543,S2-470617752,S2-303037664,S3-630998672,S3-276427681,S3-170245253,S3-610536355,S2-550697952,S3-78200790,S2-650640716,S3-478971264,S3-268628840,S3-927656784,S3-53926965,S2-222871632,S2-376908945,S3-604980231,S2-442169767,S2-582157971,S2-634068583,S2-936193093,S3-173398261,S2-770341988,S2-179065185,S3-795552833,S3-729575875,S2-895906111,S3-324762151,S3-464088678,S3-557847177,S2-46119598,S3-231099763,S2-783899214,S3-143717382,S3-103232508,S2-744323706,S2-501534718,S2-169339199,S2-596368087,S3-962607637
S1-68108533	S3-962607637,S2-292567038,S2-25830538,S2-328922214,S3-712308497,S2-765689508,S2-950272526,S2-396366670,S3-335176300,S3-843493474,S3-497775376,S3-576431503,S2-550697952,S2-282913892,S2-847938260,S3-973665746,S3-478971264,S2-283264445,S2-905827553,S3-265161935,S2-577711295,S3-652441284,S3-374810425,S2-510842397,S2-335659628,S2-138070868,S3-219041197,S3-630998672,S3-251039453,S3-77919636,S2-46119598,S3-231099763,S2-469081581,S3-310059196,S2-334939365,S2-94145774,S3-329012794,S2-813354914,S3-180537830,S2-596368087
S1-68168779	S2-649569032,S3-733735582,S3-825290001,S3-971063817,S2-225122945,S3-741815994,S3-486437817,S3-784451810,S3-227725397,S3-683741745,S3-268657388,S3-573605691,S2-495604525,S2-109092801,S2-973152754,S3-431084906,S3-378054173,S2-706548751,S2-526493060,S2-46119598,S2-648203570,S3-675201184,S2-744323706,S3-478971264,S2-54275281,S2-153968942,S2-655787096,S2-298648749,S2-485885002,S3-810108097,S3-649166684,S2-797828425,S2-630672871,S2-851305685,S2-411272285,S2-248233059,S2-881978571,S3-369027389,S3-774736455,S3-844042071
S1-682391735	S2-577684356,S2-429426834,S3-688013575,S3-306853514,S2-861422809,S2-344390896,S2-235259222,S3-835032939,S3-576431503,S2-508597312,S2-975631805,S3-182558974,S3-398254055,S3-191777631,S2-647945622,S2-506155991,S2-21907891,S2-505302528,S2-160823657,S3-41415156,S2-284570733,S2-862578020,S3-572525205,S2-383030202,S2-70822028,S2-262646344,S3-282633530,S3-320542108,S2-503966344,S3-549736271,S2-20798878,S2-800542765,S3-615509209,S3-182512145,S3-349819283,S3-77632293,S2-207439352,S3-244163893,S2-170244057,S3-776731848
S1-684202485	S3-116557348,S2-434748052,S3-260946793,S3-532782484,S3-482698711,S2-202662079,S3-9842107,S2-600460285,S3-510277949,S3-900511946,S2-752369607,S3-739484686,S3-915330451,S2-167404095,S2-483583787,S3-158901285,S2-721675766,S3-446409255,S2-214939320,S2-138331307,S3-448698808,S2-657508123,S2-686535448,S3-961421742,S2-621647415,S2-704180517,S3-82573141,S3-380113570,S2-190625204,S3-452650129,S3-503430799,S3-180537830,S2-22034959,S3-355846923,S2-442790965,S2-563202302,S2-896768736,S3-872013487,S3-801858031,S3-623750247
S1-684318101	S2-205836707,S3-630840237,S3-856896406,S3-447201746,S2-991288907,S3-298276174,S3-683741745,S3-955767277,S2-258890831,S2-726819490,S3-74786614,S3-570090257,S3-749494147,S2-787040456,S3-445101009,S2-508597312,S3-528485292,S2-85084966,S2-324435790,S2-254413757,S2-262622446,S3-819001322,S2-339363122,S2-888262336,S2-598312557,S2-722510752,S2-854425445,S3-615493175,S3-153388083,S3-904293301,S2-768679434,S2-240202044,S3-249624801,S2-416362828,S2-781720719,S2-147498899,S2-378846408,S3-124578688,S2-280607105,S3-421753436
S1-684974736	S3-275013845,S3-239848768,S2-308862519,S2-854425445,S2-234992726,S3-389830698,S3-36174880,S3-943929303,S3-705828303,S3-897412541,S2-416493275,S3-943890721,S2-731994682,S3-716768106,S2-976793661,S3-319252793,S3-257471680,S2-484457398,S2-536451479,S2-966023861,S2-976180948,S3-36348173,S2-170268811,S3-294231709,S3-916140155,S3-442566277,S3-604715797,S3-872205830,S2-781720719,S2-950950353,S2-199451665,S3-668629842,S2-648630388,S2-243767830,S2-198008021,S3-234011238,S3-337064812,S3-726772995,S3-700236919,S2-182986806
S1-687138169	S3-768772995,S3-445101009,S2-990903288,S3-483958914,S2-649702926,S3-749350856,S3-257698168,S2-258612635,S2-169727784,S3-275013845,S3-251522598,S2-365604487,S3-760959067,S2-470513530,S2-959352705,S2-872599903,S3-137807983,S3-316195809,S2-972087927,S2-845010036,S2-574723490,S3-796280583,S2-568605,S3-166269529,S2-856802130,S3-391823164,S2-168132027,S3-382328733,S2-51615186,S3-674330070,S3-474850204,S2-854425445,S2-507544755,S3-448349907,S3-742570614,S2-187095631,S3-249624801,S2-141345465,S2-558638291,S2-938316135
S1-687813152	S2-729157829,S3-447259837,S2-186325301,S2-388192690,S2-463756409,S2-553274633,S2-113115082,S2-240202044,S2-199021860,S3-611302121,S2-728794279,S2-589083365,S2-714953620,S2-471800381,S3-215199655,S2-636355308,S2-416362828,S2-631174413,S3-20479494,S2-836553957,S3-668629842,S3-69683574,S2-205836707,S2-917258438,S2-938316135,S3-191731437,S3-695341943,S3-703481876,S3-57664006,S2-966023861,S2-818031985,S2-583840796,S2-426549931
S1-688852755	S2-442169767,S2-154961257,S3-610536355,S2-666652825,S2-127971493,S2-550697952,S3-78200790,S2-572406967,S3-478971264,S3-218566871,S3-268628840,S3-53926965,S2-634068583,S2-582157971,S3-448698808,S2-936193093,S2-686535448,S2-991613543,S2-858213429,S3-976515721,S2-895906111,S2-456952016,S2-470617752,S2-303037664,S3-819001322,S2-888262336,S2-166809876,S3-324762151,S2-46119598,S3-231099763,S2-334939365,S2-94145774,S3-895598264,S3-741815994,S3-329012794,S2-872599903,S2-22034959,S3-217903829,S2-896768736,S3-872013487
S1-689823050	S3-883789863,S2-960602386,S3-44892628,S3-713591626,S2-165898626,S3-260946793,S3-518430580,S3-577972146,S3-378054173,S2-526493060,S2-27508375,S2-673317537,S2-744323706,S2-167404095,S2-153968942,S2-537184954,S2-55418957,S2-30931575,S2-296645299,S3-447259837,S3-481281044,S2-686535448,S2-81665438,S2-6184028,S3-82573141,S2-923816782,S3-191842349,S3-369027389,S3-913818358,S3-56481369,S2-671019678,S3-177336223,S3-537298639,S3-853414998,S3-162500917,S3-488946172,S3-481551569
S1-693870315	S3-986560205,S3-640375681,S3-144784336,S3-46662325,S3-44375592,S3-884473350,S2-118916909,S2-442251246,S3-986739557,S3-819591530,S3-454284148,S2-374632896,S3-201326665,S2-954075074,S3-92755938,S3-311994839,S3-464265492,S2-989542032,S3-679747836,S2-193510687,S3-572432762,S3-821439308,S2-773257998,S2-277168615,S3-219254729,S2-836328205,S2-804364266,S2-578788567,S2-390533432,S2-613647075,S2-654562074,S2-374766437,S2-950272526,S2-59790476,S3-310059196,S2-313905133,S2-501534718,S3-705828303,S3-640539120,S2-936916016
S1-693956169	S3-572176821,S2-409273301,S3-182558974,S3-839414204,S2-521049331,S2-704784114,S2-566025912,S2-595491693,S2-21907891,S3-203608044,S3-290413216,S3-852035874,S3-1062100,S2-376908945,S3-873113499,S2-412254468,S3-923060037,S2-968505057,S2-188368209,S2-938065576,S3-679747836,S3-273272215,S2-645886241,S3-84626078,S2-560829432,S3-831127676,S2-676069227,S3-305215419,S3-887718222,S2-340444360,S2-878037834,S2-400493855,S3-191777631,S3-616747941,S3-818722089,S2-955876497,S3-409858322,S3-572525205,S2-383030202,S3-136619053
S1-697980001	S2-86010362,S3-483958914,S2-872782933,S2-951545184,S2-106341849,S3-900116490,S3-455958949,S3-973665746,S3-640539120,S2-464227034,S3-613147989,S3-967418953,S3-579148893,S2-898849110,S2-984790670,S3-288440193,S2-923816782,S2-574951813,S3-323904182,S3-219041197,S3-216745957,S2-895906111,S3-266018996,S2-578788567,S3-466523313,S3-749411518,S2-853556005,S3-231099763,S2-27508375,S2-46119598,S2-342025906,S2-270257041,S2-507168266,S2-469081581,S2-652960468,S2-744323706,S2-292567038,S2-385507714,S2-537184954,S2-96867962
S1-699373004	S2-795525631,S3-899298661,S3-215199655,S2-805826813,S3-290413216,S2-813354914,S2-719452345,S3-797598442,S2-645330149,S2-598312557,S2-722510752,S2-240202044,S2-351519794,S2-462866226,S3-668629842,S2-558638291,S3-316195809,S3-535444031,S2-235569498,S3-325621631,S2-182986806,S2-783082192,S2-471712099,S2-866564035,S2-49777022,S2-681236478,S2-432415976,S2-651671642,S2-300060087,S3-626087419,S2-205836707,S3-942611768,S3-382328733,S2-875516379,S2-966023861
S1-702544592	S3-20479494,S2-52929474,S2-840964780,S2-364440651,S3-526395226,S2-704784114,S3-839414204,S3-712308497,S2-595491693,S3-173398261,S3-683741745,S3-1062100,S3-360310067,S3-501171061,S2-267512484,S2-827722721,S3-319252793,S3-901997932,S2-902880487,S2-226111615,S2-598312557,S3-615493175,S2-240202044,S3-45364968,S3-249624801,S3-916140155,S2-558638291,S2-222871632,S3-191731437,S2-395671932,S2-621647150,S2-206048699,S2-235569498,S3-658485254,S2-113115082,S2-938169179,S3-852602832,S2-805826813,S2-866564035,S2-651671642
S1-704576365	S3-99392192,S2-388543405,S3-777418870,S3-45364968,S2-624492996,S3-326018425,S2-317480348,S2-22799180,S2-240825627,S3-927656784,S3-619003652,S2-425334082,S3-975969666,S2-158086966,S2-577711295,S3-267516505,S2-681236478,S2-601469928,S2-538322067,S3-974312614,S2-560829432,S2-274269958,S2-672392100,S2-537953677,S2-838274938,S3-776731848,S3-17568830,S2-388192690,S3-36348173,S2-258612635,S2-589083365,S3-442566277,S2-351519794,S3-690589208,S2-232181140,S2-416493275,S2-243767830,S2-938316135,S2-426549931,S2-539053905
S1-704604312	S3-361863410,S2-761740572,S3-74872076,S2-940366297,S3-712308497,S3-335176300,S3-497775376,S2-292567038,S2-634571997,S2-282913892,S2-767658445,S3-773458342,S3-268628840,S3-53926965,S3-430128111,S2-55418957,S3-358432918,S3-967418953,S2-214168322,S3-649166684,S3-993672239,S2-576201028,S2-711854311,S2-85470349,S2-126915805,S2-973829465,S2-104941292,S3-630998672,S3-501478524,S3-77919636,S2-526493060,S3-231099763,S2-46119598,S2-744323706,S2-127971493,S2-313905133,S3-611681699,S2-596368087,S3-565540615,S3-510277949
S1-706359294	S3-506810019,S3-611106860,S2-269204507,S3-333411132,S3-417315037,S3-549298,S2-200306868,S3-909974680,S2-896940804,S2-225002758,S3-743825885,S2-77137709,S3-461733052,S2-730294781,S2-574951813,S2-905827553,S2-388594236,S2-388192690,S2-553274633,S3-657235525,S2-240202044,S2-170268811,S2-682586639,S3-690589208,S2-636355308,S2-247144607,S3-695341943,S3-339481146,S3-100659662,S3-267547161,S2-168699267,S2-113115082,S3-681673434,S2-275369766,S2-471800381,S3-878936770,S2-836553957,S3-69683574,S2-205836707,S3-372063746
S1-710758303	S2-519059543,S2-409717420,S3-36348173,S3-257698168,S2-292165524,S3-741835199,S3-442566277,S2-483583787,S2-647740777,S3-268657388,S2-962455440,S2-770493466,S2-336500242,S2-795525631,S2-539053905,S2-657508123,S3-331873108,S2-450192914,S3-380230383,S3-273272215,S2-805826813,S2-730294781,S3-969662978,S2-7365596,S2-508597312,S2-590554293,S2-168132027,S2-750470469,S2-171518968,S3-80840290,S2-412565852,S3-657235525,S2-240202044,S2-793082753,S3-504811762,S2-589083365,S2-351519794,S2-246629472,S2-938316135,S3-695341943
S1-712639027	S3-908148625,S3-547831888,S2-530685908,S3-436480804,S2-600460285,S2-578484139,S2-727695265,S3-515717408,S2-518383016,S2-127971493,S2-465143244,S3-549513530,S3-347087196,S2-393902595,S3-525615575,S2-654270940,S2-435938329,S3-700534009,S3-521783865,S3-198009537,S3-606815816,S2-402758956,S2-308418230,S2-503434250,S3-376351604,S3-348068567,S2-630783962,S3-56481369,S2-199559681,S3-900511946,S3-260946793,S3-605289520,S2-979096206,S3-532782484,S2-169339199,S3-643531990,S2-124355652,S3-810108097,S3-102882344,S3-116557348
S1-714038427	S3-185659081,S2-429414207,S2-182986806,S3-239848768,S3-421753436,S3-899298661,S2-342655156,S2-761740572,S2-940366297,S3-44892628,S3-372085852,S2-170268811,S3-657919288,S3-691294985,S3-442566277,S2-395778865,S2-886358300,S3-469272577,S3-535444031,S2-153022216,S3-197819529,S2-866429334,S3-391823164,S3-844042071,S2-411773002,S3-271028931,S2-268861424,S3-903689423,S3-568974033,S3-320488619,S2-598312557,S3-808387247,S2-179705599,S2-768679434,S3-417315037,S3-75554428,S3-175964530,S2-351519794,S3-668629842,S2-419031945
S1-714132312	S3-535444031,S3-36348173,S3-442566277,S2-153022216,S2-429414207,S3-144784336,S2-234992726,S3-194049640,S3-372085852,S3-197819529,S3-481758921,S2-411773002,S2-318808106,S3-657919288,S3-691294985,S3-421753436,S3-595840838,S3-825495383,S2-179705599,S3-99392192,S2-388192690,S3-615493175,S3-836337426,S3-75554428,S3-249624801,S2-416362828,S2-558638291,S2-243767830,S2-187743820,S3-549513530,S2-621647150,S2-769905076,S2-572629507,S2-206048699,S3-337064812,S2-642863486,S2-426549931,S3-596517712,S2-471800381,S2-49777022
S1-714649207	S2-170890750,S3-966230926,S2-851305685,S3-841734573,S2-940366297,S3-44375592,S2-469081581,S2-256206990,S2-791121005,S3-210636387,S3-532782484,S2-124355652,S3-355846923,S3-106514182,S3-879002896,S3-841034461,S2-424599024,S2-633888738,S3-844042071,S2-477732440,S2-795335462,S3-170975522,S3-464088678,S2-154961257,S2-608761794,S3-286018627,S3-386500136,S3-865293282,S3-29698559,S3-312512383,S2-526493060,S3-231099763,S2-46119598,S3-891899299,S2-753618829,S2-925400951,S2-201725895,S3-180087778,S3-895598264,S3-329012794
S1-717385838	S2-702263933,S3-481581345,S3-349679455,S3-657919288,S3-691294985,S3-852602832,S2-805826813,S2-782078221,S2-51615186,S3-576703765,S3-215199655,S3-101242901,S2-395311167,S3-68321827,S2-199280788,S2-125567446,S3-445543631,S2-463756409,S2-293341063,S3-69683574,S3-683741745,S2-258612635,S3-501171061,S3-937791576,S2-269300058,S3-469354779,S3-916140155,S2-974757357,S3-743187888,S3-325621631,S2-722510752,S2-781720719,S2-681236478,S3-700236919,S2-388192690,S2-300060087,S3-668629842,S3-626087419,S2-462866226,S3-147393075
S1-717749279	S2-878037834,S2-704784114,S2-676069227,S2-468490076,S2-409273301,S2-403476558,S2-783207344,S2-733379415,S2-342790091,S3-157224914,S3-472074707,S3-290413216,S2-414029769,S2-717201533,S2-975659148,S2-148614998,S2-968505057,S3-777809192,S3-549736271,S3-679747836,S2-401513784,S2-540565178,S2-297579015,S2-659544192,S3-84626078,S2-560829432,S2-858213429,S3-839414204,S2-575142052,S2-991545286,S3-866935454,S2-750817241,S2-400493855,S3-853096152,S3-191777631,S3-616747941,S3-580891382,S2-955876497,S2-160823657,S3-952935394
S1-718126154	S3-605289520,S2-169339199,S3-521921590,S3-116557348,S2-182273804,S2-70085549,S2-600460285,S3-112556658,S3-527612989,S3-158901285,S2-462183999,S3-482698711,S3-532782484,S3-446409255,S3-217903829,S3-448698808,S3-693984318,S3-425007676,S3-961421742,S2-621647415,S2-725167020,S2-711854311,S2-388594236,S2-313955120,S3-50374457,S3-813547907,S2-202662079,S3-380113570,S2-190625204,S2-769531847,S2-899542587,S3-764653606,S2-46119598,S2-27508375,S3-891899299,S2-918973885,S3-312577481,S3-478971264,S2-872599903,S2-290349597
S1-720336913	S3-620755797,S3-234659501,S2-158121477,S3-971111671,S3-367504316,S3-561839301,S3-943929303,S3-198548382,S3-201326665,S2-934716922,S2-977110544,S2-785863261,S2-52929474,S2-376908945,S3-922191827,S2-647740777,S3-899716627,S2-70822028,S2-134952939,S2-258890831,S2-262646344,S2-153022216,S3-944195300,S2-278570858,S3-795552833,S2-126915805,S2-672392100,S2-123627795,S3-24193561,S3-901997932,S2-878037834,S2-704784114,S3-191777631,S2-791121005,S2-160823657,S2-941131362,S2-428495612,S3-727698517,S2-862578020,S3-505492976
S1-724741475	S2-598312557,S3-191731437,S2-497654662,S3-445543631,S3-36348173,S2-292165524,S3-559022742,S2-246629472,S2-199451665,S2-415633307,S3-668629842,S3-606193838,S2-60538009,S2-896940804,S2-20473893,S3-506810019,S2-54411910,S2-318808106,S3-166269529,S2-728794279,S2-199280788,S2-329140637,S2-440207111,S2-708532933,S3-626087419,S3-22088661,S2-744098365,S2-171518968,S2-103781604,S3-237604674,S2-315775481,S3-749350856,S2-388192690,S2-768679434,S3-45364968,S3-175964530,S2-682586639,S2-92128471,S3-543939305,S3-695341943
S1-725006887	S2-984790670,S2-276569893,S3-986739557,S2-547439488,S3-712308497,S3-518430580,S3-691294985,S3-497775376,S3-516583759,S2-292567038,S2-282913892,S2-650640716,S2-92128471,S3-582435641,S2-293341063,S3-654987910,S2-336821634,S2-378555943,S3-486371120,S3-170245253,S2-577711295,S3-276427681,S2-233626843,S2-991613543,S2-470617752,S2-303037664,S3-630998672,S2-306547398,S3-335176300,S3-77919636,S2-130168190,S2-843672634,S2-46119598,S3-193324646,S2-396366670,S2-753618829,S2-627682672,S2-54275281,S3-532782484,S3-643531990
S1-72706873	S2-370796080,S2-872782933,S2-752369607,S2-170890750,S3-517069981,S2-446761313,S2-791121005,S3-916140155,S2-638268338,S2-298281864,S3-872205830,S2-167404095,S3-955767277,S2-721675766,S3-124578688,S3-841734573,S3-293567316,S2-911375648,S3-841034461,S2-779040268,S3-82573141,S2-633888738,S2-668787001,S2-248233059,S2-241023816,S2-355864734,S3-266018996,S3-286018627,S3-900511946,S3-966230926,S2-315775481,S2-388192690,S2-936125922,S2-636355308,S2-416362828,S2-462866226,S2-781720719,S2-222871632,S2-378846408,S2-247144607
S1-727773972	S3-100799892,S3-148974528,S3-695341943,S2-257520714,S2-568886805,S3-445543631,S3-919029749,S2-127755733,S3-857176159,S2-115402855,S2-550738304,S2-562716881,S3-339481146,S3-922632740,S3-219206801,S2-206048699,S3-303635792,S2-336500242,S3-481758921,S3-64868920,S3-10070204,S3-96054713,S3-293567316,S3-572143343,S3-461733052,S2-619044353,S2-823489243,S2-888652626,S2-750470469,S2-51615186,S3-474850204,S2-388192690,S3-657235525,S2-240202044,S2-589083365,S3-716879886,S3-549513530,S2-938316135,S3-124578688,S2-479477181
S1-729626041	S3-532782484,S3-867263634,S3-146360385,S3-777418870,S3-448349907,S2-483583787,S2-124355652,S3-966021760,S3-268657388,S2-441692657,S2-582157971,S3-979560154,S3-98186645,S3-740622432,S2-657508123,S2-686535448,S2-158086966,S3-888634508,S3-681673434,S3-355506507,S3-115390426,S3-795552833,S2-7365596,S2-508597312,S2-477732440,S3-382077226,S2-875516379,S3-382243274,S3-452650129,S3-320488619,S2-852042207,S2-46119598,S3-503430799,S2-562037907,S2-334939365,S3-103232508,S2-127971493,S2-556607231,S2-5009845,S3-210636387
S1-733472967	S2-54101700,S2-867917626,S2-905827553,S2-8736718,S2-91100310,S2-582157971,S2-899542587,S2-872782933,S2-765689508,S3-231099763,S3-194049640,S2-118916909,S3-683291192,S2-934716922,S3-572770613,S3-674207500,S3-636367698,S3-106514182,S3-464507396,S2-33428201,S3-431726820,S2-919585353,S3-623589664,S2-284564865,S3-795001586,S3-266018996,S2-63117139,S3-783337925,S3-29698559,S3-415590169,S2-749392034,S2-947273350,S2-736586353,S3-689205085,S2-46119598,S2-950272526,S2-635662750,S3-217039093,S3-640539120,S3-100363030
S1-73366741	S2-598312557,S2-899542587,S3-200532536,S2-947273350,S3-695973055,S3-231099763,S2-867917626,S2-730055337,S3-78681427,S3-290413216,S3-683291192,S3-572770613,S3-674207500,S2-905827553,S3-636367698,S3-735677932,S2-91100310,S2-638096571,S2-919585353,S3-431726820,S3-790378506,S3-768772995,S3-623589664,S2-217900075,S2-775523121,S2-888652626,S3-795001586,S3-783337925,S2-63117139,S2-508590881,S2-86010362,S3-454284148,S2-46119598,S2-753618829,S3-310059196,S2-810688876,S3-217039093,S2-313905133,S2-556607231,S2-501534718
S1-734921625	S2-872782933,S2-61166243,S2-833094944,S2-115402855,S3-481434145,S3-237604674,S2-394696306,S3-955767277,S2-960258531,S2-835489415,S2-895992482,S3-399738814,S2-435938329,S3-100799892,S2-940559356,S3-488679255,S3-661249181,S3-844042071,S3-940251367,S3-266018996,S2-536451479,S3-885210293,S2-46119598,S2-270257041,S2-321067876,S2-89239695,S3-198537118,S2-799457326,S2-385507714,S2-813179630,S2-858333878,S2-596441431,S2-22682483,S3-509181603,S2-797828425,S2-33467562,S2-601767250,S2-469696634,S2-350628155,S2-268807777
S1-735449543	S3-218566871,S2-578788567,S2-733379415,S3-245921597,S3-821439308,S3-746507879,S2-783207344,S3-75303277,S3-792430672,S2-506155991,S2-336076880,S3-249624801,S3-566490588,S3-472074707,S3-542159634,S2-187743820,S2-938316135,S2-518359538,S2-975659148,S3-961421742,S3-754823586,S2-659544192,S3-311513626,S2-73309888,S3-961095579,S2-123627795,S2-939852036,S2-268861424,S3-251039453,S2-991545286,S2-853556005,S3-197707249,S2-469081581,S2-827722721,S2-607113212,S3-599115114,S2-778895506,S2-858333878,S3-96795509,S2-596441431
S1-736469556	S3-810108097,S3-743729368,S3-389257885,S2-283264445,S2-235829911,S2-765689508,S3-909974680,S2-146545453,S2-550697952,S3-155795126,S3-812853393,S3-351490610,S3-527612989,S2-819310622,S3-9842107,S2-905827553,S3-330359437,S2-862435993,S3-716768106,S3-600418036,S3-333411132,S2-388594236,S3-549298,S2-456952016,S3-878176472,S3-232385421,S3-743825885,S2-77137709,S3-286018627,S3-864360820,S2-46119598,S3-193324646,S2-753618829,S2-627682672,S3-217039093,S2-313905133,S2-596368087,S3-106514182,S3-510277949,S3-967418953
S1-740059747	S2-896768736,S2-462183999,S2-575952928,S3-976233702,S2-906594195,S3-125349995,S2-525004536,S3-662861736,S3-200553210,S2-899542587,S3-175443554,S3-52817413,S3-217039093,S2-556607231,S3-895598264,S3-741815994,S2-410411373,S2-22034959,S3-841734573,S2-862435993,S3-810108097,S3-2045650,S3-250853646,S3-825917420,S3-389257885,S3-841034461,S2-851305685,S3-288440193,S3-236881445,S3-727410626,S2-923816782,S3-70761478,S2-524196193,S2-691788561,S3-127741306,S3-367727512,S2-871779147
S1-740176897	S3-695973055,S3-764805204,S3-194049640,S3-298091709,S2-793082753,S2-476476786,S3-626034570,S2-141345465,S2-406149845,S3-326018425,S2-395778865,S2-204417353,S2-906594195,S3-419085785,S3-226896868,S2-349043036,S2-769905076,S2-439055696,S2-225122945,S2-269915770,S3-446353128,S3-380230383,S3-999913674,S3-662861736,S2-252641622,S2-888652626,S3-832461160,S2-340444360,S3-80840290,S3-415590169,S3-891899299,S3-52817413,S2-102506722,S3-217039093,S2-501534718,S3-547831888,S3-329012794,S3-315595058,S2-22034959,S2-298648749
S1-741750910	S2-836553957,S3-666943106,S2-547439488,S3-44892628,S3-485517879,S2-446761313,S3-518430580,S2-782078221,S2-293341063,S2-977110544,S3-59736918,S3-654987910,S3-136619053,S3-652123162,S3-339481146,S2-378555943,S3-943890721,S2-984790670,S2-938065576,S3-255577798,S2-276569893,S2-508597312,S2-329140637,S2-185048111,S3-161800995,S3-184174096,S3-832461160,S3-674330070,S2-737499898,S2-85144335,S3-99392192,S2-80295737,S3-119839576,S2-553274633,S3-111562263,S2-884102769,S2-550738304,S3-67441115,S2-750187901,S2-235569498
S1-742053041	S3-505170939,S3-61589354,S3-331435880,S2-725167020,S3-127741306,S2-171518968,S3-115653125,S3-660592001,S3-462677478,S2-507168266,S3-934577839,S2-652960468,S2-338458211,S3-460206531,S2-334939365,S2-799457326,S2-292567038,S2-385507714,S2-778895506,S2-537184954,S3-849725135,S3-753179170,S2-596441431,S2-897338634,S2-179065185,S3-245921597,S3-498143635,S2-956479781,S2-575952928,S2-761407187,S3-651489735,S2-351143563,S2-875724478,S3-162500917,S2-141980176,S3-945390736,S3-697734900
S1-746909581	S2-899542587,S3-658437431,S2-990903288,S3-74872076,S2-253674303,S3-478971264,S3-947130259,S3-610536355,S2-929103679,S3-882479923,S3-431726820,S2-938065576,S2-595491693,S3-170975522,S3-623589664,S2-268861424,S3-636367698,S2-192345572,S3-162500917,S3-559022742,S3-773911112,S2-46119598,S3-503430799,S2-235829911,S3-934577839,S2-600460285,S2-993595929,S2-292567038,S3-482698711,S3-532782484,S2-596368087,S3-429952239,S3-294717043,S3-872013487,S3-810108097,S3-600418036,S2-797828425,S3-925061722,S3-173398261,S2-897338634
S1-748500004	S3-36348173,S3-215199655,S3-808387247,S2-497654662,S2-857275799,S3-716879886,S2-227155379,S3-912471660,S2-719452345,S3-574587263,S2-895992482,S2-153022216,S3-521783865,S2-568605,S2-451932282,S3-802348934,S3-255577798,S2-805826813,S2-595735456,S2-645330149,S2-932162073,S3-232385421,S3-574534442,S3-57664006,S3-343934684,S2-51615186,S3-832461160,S3-797598442,S2-248821054,S3-995796854,S2-598312557,S2-388192690,S3-153388083,S2-258612635,S3-442566277,S3-175964530,S3-668979909,S3-20479494,S3-543939305,S2-240825627
S1-74852342	S2-364440651,S3-808387247,S3-74872076,S3-945426231,S2-672191745,S2-6860805,S3-20479494,S3-409858322,S2-240825627,S2-52929474,S3-683741745,S3-549513530,S2-376908945,S3-9842107,S3-975969666,S3-463105299,S2-191311189,S3-970700897,S2-770341988,S3-615579872,S2-595265518,S2-932162073,S3-254508914,S3-380741339,S2-896940804,S2-598312557,S2-722510752,S3-615493175,S2-768679434,S2-240202044,S3-668979909,S2-781720719,S2-558638291,S3-421753436,S2-845010036,S3-394633347,S3-700236919,S2-182986806,S3-197819529,S2-783082192
S1-750279127	S2-406149845,S3-435130814,S3-599066239,S2-336821634,S3-955246971,S3-810108097,S2-526493060,S2-862435993,S2-46119598,S2-867169728,S3-460759790,S3-623750247,S2-920919608,S3-310059196,S2-923816782,S2-276569893,S3-597303817,S2-556607231,S3-191842349,S2-501534718,S2-85084966,S2-167404095,S3-279361924,S3-732122684,S3-741815994,S3-488363429,S2-55418957,S2-596368087,S3-652123162,S2-525004536,S2-348424823,S2-905827553,S3-812557085,S2-940730427,S3-17568830
S1-751409146	S2-880373574,S2-290816981,S2-673317537,S3-794951235,S2-884102769,S2-638268338,S2-94145774,S3-17552184,S2-60538009,S3-683741745,S2-910351373,S3-220702244,S2-719452345,S3-822184939,S3-219206801,S2-206048699,S3-604980231,S2-866429334,S3-726147053,S3-590072303,S2-741133761,S3-167416646,S3-660132186,S2-241023816,S2-54101700,S3-468731115,S2-888262336,S2-166809876,S3-507043143,S3-644424345,S2-388192690,S3-45364968,S2-589083365,S2-636355308,S2-781720719,S3-543939305,S2-977110544,S3-298276174,S2-378846408,S2-247144607
S1-755184527	S2-741133761,S3-167416646,S2-429426834,S2-595265518,S3-22088661,S3-544334666,S2-779040268,S3-191731437,S2-728794279,S2-549810915,S2-220512313,S2-853556005,S2-46119598,S2-27508375,S2-270257041,S3-162500917,S2-733379415,S2-799457326,S2-292567038,S2-981369013,S2-54275281,S2-778895506,S2-813179630,S3-429952239,S2-858333878,S2-649569032,S2-596441431,S2-135491601,S3-872013487,S2-797828425,S2-516174026,S2-20595754,S2-601767250,S3-245921597,S2-956479781,S2-268807777,S2-642493550,S2-761407187,S2-351143563,S3-54779552
S1-759533619	S2-773257998,S3-448698808,S2-630672871,S2-925400951,S3-641559642,S3-98855106,S2-652123638,S2-654562074,S2-185048111,S3-448349907,S2-729157829,S2-767997013,S3-213199104,S2-481572644,S3-289000533,S3-525615575,S3-576431503,S3-73958887,S3-481551569,S3-206642656,S2-313905133,S2-175042336,S3-652287374,S3-361863410,S2-941100325,S2-124355652,S3-661238925,S2-298648749,S3-106514182,S3-810108097,S3-815796924,S2-505969853,S3-623750247,S2-725167020,S3-958487791,S2-923816782,S2-411272285,S2-248233059,S3-480075397,S3-844042071
S1-759762834	S3-330359437,S3-416314708,S2-627682672,S2-112287031,S3-206642656,S3-516583759,S2-416362828,S2-37424835,S3-640539120,S2-275882814,S3-741815994,S3-264170444,S2-582539737,S2-314240782,S3-214688271,S2-919585353,S3-780090761,S2-416136682,S2-806209738,S2-574951813,S2-424599024,S2-645330149,S2-815181762,S2-163865475,S2-759764530,S2-188979997,S3-686244553,S2-958398768,S3-320488619,S2-843672634,S2-46119598,S3-891899299,S2-321067876,S3-837926466,S3-217039093,S3-643531990,S3-315595058,S2-80030619,S2-905827553,S2-157009014
S1-759995112	S2-973829465,S3-33655295,S2-954075074,S2-927573547,S3-198586129,S2-20595754,S2-793082753,S2-682305910,S2-888162848,S2-585589926,S3-488074618,S2-580586919,S2-315775481,S2-388192690,S2-292165524,S3-275013845,S2-246629472,S2-857504798,S2-781720719,S3-543939305,S2-558638291,S2-419031945,S2-378846408,S3-234011238,S2-247144607,S3-421753436,S3-316195809,S3-570090257,S3-700236919,S3-971063817,S2-113115082,S2-49777022,S3-899298661,S2-432415976,S2-651671642,S2-300060087,S2-205836707,S3-467435512,S3-540353197,S3-382328733
S1-760235082	S2-123627795,S3-197819529,S2-187743820,S3-249624801,S2-429414207,S3-194049640,S3-372085852,S2-245878292,S3-657919288,S3-691294985,S3-442566277,S2-416493275,S2-938316135,S2-647740777,S3-339481146,S2-888162848,S3-421753436,S3-535444031,S2-642863486,S2-153022216,S2-416136682,S2-450192914,S3-863521415,S2-888652626,S3-833076537,S2-411773002,S2-696588819,S3-465209873,S2-268861424,S2-818031985,S3-989617472,S2-768679434,S2-127755733,S2-700195651,S3-153885777,S2-416362828,S3-668979909,S2-558638291,S3-549513530,S2-621647150
S1-760964613	S2-469081581,S2-795335462,S3-532782484,S3-44375592,S2-256206990,S2-124355652,S3-446409255,S3-355846923,S3-45395949,S3-841734573,S3-106514182,S3-879002896,S3-841034461,S2-424599024,S2-633888738,S3-844042071,S2-477732440,S3-170975522,S3-464088678,S2-154961257,S3-865293282,S3-29698559,S2-526493060,S2-46119598,S2-27508375,S3-231099763,S2-94145774,S2-501534718,S3-329012794,S2-22034959,S2-298648749,S2-596441431,S3-967418953,S2-442169767,S2-797828425,S3-521066083,S2-20595754,S2-897338634,S3-573076105,S2-81665438
S1-762005078	S3-740622432,S2-553274633,S3-794951235,S3-852602832,S2-651671642,S2-722510752,S3-153388083,S3-632480656,S3-294231709,S2-974146456,S3-836337426,S3-20762321,S2-877531568,S2-857504798,S2-809665812,S2-204417353,S2-222871632,S2-449438476,S3-354195606,S3-316083080,S2-168699267,S2-233626843,S2-866564035,S2-136704136,S3-558285322,S2-932162073,S2-262622446,S3-382243274,S2-220756381,S3-628663985,S2-598312557,S3-45364968,S3-175964530,S2-462866226,S3-20479494,S2-558638291,S3-191731437,S2-378846408,S2-357180028,S2-235569498
S1-762839052	S3-693984318,S3-521921590,S3-605289520,S3-217903829,S2-388594236,S2-313955120,S2-578484139,S2-412565852,S3-417315037,S2-446761313,S2-70085549,S3-112556658,S2-347507840,S2-462183999,S2-169339199,S3-125349995,S2-853058328,S2-343566512,S3-726772995,S2-715460557,S3-425007676,S2-252641622,S3-50374457,S3-813547907,S3-256502380,S2-119647643,S2-613647075,S2-6860805,S2-442251246,S3-764653606,S3-260946793,S2-672191745,S2-600460285,S3-908148625,S3-180537830,S2-896768736,S2-442169767,S3-872013487,S2-214939320,S3-116557348
S1-762904067	S2-431261713,S2-322554268,S3-243201022,S3-769518935,S3-395400724,S2-839110260,S3-626034570,S2-990903288,S3-919029749,S3-52817413,S3-515717408,S3-593500151,S3-312577481,S3-688194826,S3-9842107,S3-311994839,S3-267883217,S2-663700902,S2-449438476,S2-553131106,S3-947130259,S2-622752249,S2-589730625,S3-825917420,S2-424599024,S2-682253147,S3-381935731,S3-336697476,S2-813365169,S2-146021424,S2-852042207,S2-80200813,S3-703660917,S2-313905133,S3-643531990,S3-102882344,S3-250853646,S2-851305685,S3-884473350,S2-510842397
S1-764707596	S2-722510752,S2-315775481,S2-364440651,S3-521783865,S2-388543405,S2-240202044,S2-292165524,S3-294231709,S2-258612635,S3-75554428,S2-805826813,S2-6860805,S2-866564035,S2-49777022,S2-432415976,S3-592033451,S2-462866226,S2-651671642,S3-20479494,S3-77290626,S2-240825627,S3-771452301,S2-558638291,S2-763720598,S2-395671932,S3-593981074,S2-875516379,S2-235569498,S2-930022210,S2-426549931
S1-766408899	S3-296383140,S3-446409255,S2-947273350,S2-127755733,S2-950272526,S2-169727784,S2-340880073,S3-516583759,S3-714598410,S3-250324284,S3-983240092,S3-580736465,S3-582435641,S3-158901285,S2-153968942,S3-360310067,S3-98186645,S2-621647415,S2-233626843,S2-467863016,S2-424138639,S2-651671642,S2-260494879,S2-641374867,S2-836328205,S2-456952016,S3-380113570,S2-875724478,S3-167007965,S2-190625204,S2-46119598,S2-562037907,S3-310059196,S2-600460285,S3-611681699,S3-329012794,S2-813354914,S3-532782484,S2-169339199,S3-482698711
S1-766655509	S3-977845400,S2-480897317,S3-640375681,S2-600460285,S2-899542587,S2-867917626,S3-260946793,S2-106341849,S3-739484686,S3-185580229,S3-915330451,S3-580736465,S2-453562565,S3-572770613,S3-895598264,S3-124578688,S2-905827553,S2-233474561,S2-91100310,S2-214939320,S2-138331307,S3-116557348,S2-919585353,S2-704180517,S3-623589664,S3-783337925,S2-63117139,S2-202662079,S3-22088661,S3-945390736,S2-556607231,S2-501534718,S2-841642984,S3-958955314,S2-596368087,S3-962607637,S2-936916016,S2-896768736,S2-862435993,S3-810108097
S1-770890247	S3-102882344,S3-382870603,S3-549298,S3-474644511,S3-604980231,S2-210791875,S3-806209375,S3-46662325,S3-705276886,S2-783082192,S3-648964505,S2-662724974,S3-764653606,S2-469081581,S2-313905133,S3-908148625,S3-895598264,S3-180537830,S2-36390503,S3-636367698,S3-810108097,S3-2045650,S3-389257885,S2-851305685,S3-288440193,S3-296383140,S3-267516505,S2-248233059,S3-844042071,S2-795335462,S2-104941292,S3-227725397,S3-565320535,S3-942611768,S3-127741306,S2-480897317,S3-590749550
S1-772195807	S3-808387247,S2-933865098,S2-767658445,S2-817276686,S3-904293301,S2-737024848,S2-783995897,S3-55314584,S2-424031278,S2-104941292,S3-246690251,S3-124578688,S3-129081221,S2-235569498,S2-668787001,S2-388192690,S3-742526233,S3-518430580,S3-856022427,S2-550625611,S2-637391186,S2-862578020,S2-314240782,S3-776731848,S3-267883217,S3-574587263,S2-769905076,S2-534182089,S2-706321668,S2-933724724,S2-911310489,S2-409273301,S2-218619721,S3-255577798,S2-49777022,S2-601469928,S3-349819283,S2-836553957,S2-207439352,S3-626087419
S1-772204055	S2-462866226,S3-448349907,S2-553274633,S2-913930320,S2-187095631,S3-943929303,S3-455958949,S2-479477181,S3-738758511,S2-305285654,S3-18976400,S3-943890721,S2-253674303,S3-239848768,S3-965405807,S2-976793661,S3-257471680,S2-440207111,S3-660132186,S2-484457398,S2-965432715,S3-465209873,S2-966023861,S2-722510752,S2-315775481,S2-598312557,S2-388192690,S2-768679434,S2-240202044,S3-45364968,S2-589083365,S2-246629472,S2-781720719,S3-543939305,S3-326018425,S3-20479494,S2-378846408,S3-191731437,S3-234011238,S2-621647150
S1-772535560	S2-671019678,S3-488946172,S3-369027389,S3-454284148,S3-764653606,S2-730055337,S2-666652825,S3-25636760,S3-872177222,S2-94145774,S3-153885777,S3-668979909,S2-621647150,S3-422729132,S2-376908945,S3-419085785,S2-547792042,S3-137807983,S2-30931575,S3-979560154,S3-943890721,S3-882479923,S3-658485254,S3-130875511,S3-110214688,S2-85084966,S2-54101700,S2-960602386,S3-177336223,S3-312512383,S3-61231549,S2-526493060,S2-46119598,S2-478939888,S2-673317537,S2-744323706,S3-714598410,S2-501534718,S3-582435641,S2-165898626
S1-772914073	S2-898849110,S3-216745957,S3-431726820,S3-376351604,S2-283264445,S2-877133584,S2-627682672,S3-510277949,S3-22649261,S3-640375681,S3-298091709,S3-103232508,S2-550697952,S2-929103679,S2-453562565,S3-955767277,S3-347087196,S3-45179985,S2-960258531,S3-399738814,S3-815796924,S3-700534009,S3-173398261,S3-246690251,S3-727410626,S2-510842397,S3-73958887,S2-991613543,S2-470617752,S3-415590169,S2-106341849,S3-900116490,S2-313905133,S2-596368087,S3-130545818,S2-896768736,S3-967418953,S2-528929761,S3-810108097,S3-389257885
S1-77383698	S2-598312557,S2-357180028,S3-222120,S3-237604674,S3-445543631,S3-431084906,S2-235259222,S3-559022742,S2-125567446,S2-314240782,S2-60538009,S2-392595553,S2-20473893,S3-506810019,S2-33467562,S2-54411910,S2-318808106,S2-728794279,S2-199280788,S2-706548751,S3-932686955,S3-20973442,S3-22088661,S2-744098365,S2-109092801,S2-495604525,S2-103781604,S3-658460113,S3-320488619,S3-937510720,S2-85144335,S2-854425445,S2-553274633,S2-768679434,S3-45364968,S2-589083365,S2-462866226,S3-20479494,S2-558638291,S2-938316135
S1-77449994	S3-106428443,S2-789698410,S2-328922214,S3-521066083,S2-20595754,S3-127741306,S3-358432918,S2-590554293,S3-445543631,S3-206642656,S2-336076880,S2-125567446,S3-68589400,S3-250324284,S2-365487618,S3-652287374,S2-770493466,S2-219660332,S2-424998513,S3-769518935,S2-559669701,S2-692619586,S2-73309888,S3-96366507,S3-615579872,S3-927354334,S3-819001322,S2-136638989,S3-444717485,S3-452650129,S2-46119598,S2-27508375,S3-891899299,S2-744323706,S3-217039093,S3-286512684,S2-54275281,S3-96795509,S2-442169767,S2-758146922
S1-776267063	S3-320542108,S3-157224914,S2-170244057,S3-146360385,S2-507544755,S2-388543405,S3-36174880,S3-534004445,S2-550277993,S3-660592001,S2-428495612,S2-317480348,S2-505183846,S3-922191827,S3-226896868,S3-272775451,S2-153022216,S3-993672239,S2-577711295,S2-974757357,S3-978862386,S3-607404491,S2-126915805,S2-538322067,S2-672392100,S2-696588819,S2-608761794,S2-268861424,S3-332250323,S3-797381132,S2-975631805,S3-398254055,S3-630840237,S3-853096152,S3-191777631,S2-647945622,S2-506155991,S2-21907891,S3-855282751,S2-580586919
S1-778630887	S2-220756381,S3-95653077,S3-111562263,S3-485517879,S3-604715797,S2-374632896,S3-187125497,S3-683741745,S3-695341943,S2-634395262,S3-337064812,S3-943890721,S2-539053905,S2-940559356,S2-214955076,S2-463756409,S3-148974528,S2-113115082,S3-681673434,S3-461733052,S2-951148549,S2-199280788,S2-125955407,S3-899298661,S2-395311167,S2-750470469,S3-20973442,S2-534748436,S3-285620374,S3-22373856,S2-388192690,S2-412565852,S2-409717420,S2-240202044,S3-657235525,S3-279953500,S2-682586639,S2-246629472,S2-416493275,S2-977110544
S1-778640743	S2-123627795,S3-739484686,S2-949729542,S2-258612635,S3-651489735,S3-833970055,S2-962455440,S2-89663826,S3-95653077,S2-240202044,S3-742570614,S3-78681427,S2-589083365,S3-690589208,S3-343548922,S3-806209375,S2-416493275,S3-966021760,S2-938316135,S2-419031945,S3-695341943,S3-419085785,S3-593981074,S3-148974528,S2-706321668,S2-17102176,S2-568605,S3-450367692,S2-199021860,S2-275369766,S3-75604340,S2-631174413,S2-241023816,S3-472293246,S2-205836707,S3-70651750,S2-917258438,S2-818031985
S1-78029452	S3-891899299,S2-214168322,S2-719864134,S3-74872076,S3-883789863,S3-657521923,S2-648203570,S2-753618829,S2-925400951,S3-960416326,S2-796991793,S3-61963480,S3-525615575,S2-343566512,S3-294717043,S2-11497933,S3-10070204,S3-649166684,S2-493543131,S2-923816782,S2-797348450,S3-754823586,S2-786671109,S3-162894522,S3-10300249,S3-56481369,S2-450038746,S3-501478524,S2-871779147,S2-871683148,S3-231099763,S2-46119598,S2-469081581,S2-334939365,S3-55946551,S2-393698052,S2-54275281,S2-596368087,S3-429952239,S2-858333878
S1-781801397	S2-424998513,S2-363645478,S3-652287374,S3-361863410,S3-106428443,S3-919029749,S2-328922214,S2-489476783,S3-68589400,S3-250324284,S3-294208174,S2-789698410,S3-53926965,S2-393902595,S3-967418953,S3-303635792,S3-482581656,S3-481758921,S2-898849110,S2-589730625,S3-769518935,S3-572143343,S3-73755756,S2-73309888,S2-692619586,S3-96366507,S3-615579872,S3-474644511,S3-819001322,S3-444717485,S2-852042207,S3-503430799,S2-46119598,S3-231099763,S3-331435880,S2-562037907,S2-334939365,S2-127971493,S3-810888025,S2-5009845
S1-78181547	S3-356347371,S3-468731115,S3-162815052,S2-86010362,S2-719864134,S3-794951235,S2-235259222,S3-249624801,S2-884102769,S3-644424345,S2-491551718,S2-861422809,S2-314240782,S2-357180028,S2-739997154,S2-392595553,S2-102958975,S2-962455440,S2-938065576,S3-726147053,S3-166269529,S3-937510720,S3-660132186,S3-932686955,S3-222120,S2-554899730,S2-340444360,S3-507043143,S3-320488619,S3-317555456,S2-598312557,S3-153388083,S3-856896406,S2-913930320,S3-518430580,S2-550625611,S3-122077614,S2-243767830,S2-558638291,S3-191731437
S1-782456413	S3-10300249,S2-734979295,S3-547831888,S3-657521923,S3-74872076,S3-883789863,S2-719864134,S3-703660917,S2-796991793,S3-527612989,S3-61963480,S2-479477181,S3-525615575,S3-879002896,S3-294717043,S2-902499230,S3-509181603,S2-214168322,S3-649166684,S2-493543131,S2-729157829,S2-797348450,S2-786671109,S2-85470349,S3-572432762,S3-56481369,S2-450038746,S3-501478524,S2-871779147,S3-317555456,S3-891899299,S3-310059196,S3-167700207,S3-532782484,S2-124355652,S3-430128111,S2-858333878,S2-905827553,S3-106514182,S3-976674051
S1-782634160	S3-577972146,S2-77137709,S3-963242645,S2-547439488,S3-867263634,S2-945687659,S3-70943176,S3-570090257,S3-547831888,S3-764805204,S3-549736271,S2-439882075,S3-367901084,S3-652441284,S3-273272215,S3-958487791,S3-903689423,S2-662724974,S2-59040544,S3-17568830,S2-46119598,S2-221302335,S2-877133584,S2-313905133,S3-611681699,S3-180537830,S2-813354914,S3-532782484,S2-872599903,S2-124355652,S2-442169767,S3-810108097,S3-102882344,S3-2045650,S2-867169728,S2-577711295,S2-505969853,S3-623750247,S3-288440193,S2-923816782
S1-784673398	S3-643284918,S2-697514180,S3-616747941,S3-136619053,S3-580891382,S2-854425445,S2-975631805,S2-705903019,S2-908079681,S3-426534154,S2-506155991,S3-855282751,S2-682586639,S2-501534718,S3-290413216,S2-261771601,S2-753125951,S3-6822167,S2-326224715,S3-712130770,S2-933724724,S2-726853276,S3-615509209,S3-401631450,S3-969662978,S3-577972146,S3-378054173,S2-33290707,S3-956639857,S3-507043143,S2-750817241,S2-400493855,S3-630840237,S3-971111671,S3-952935394,S2-816523255,S3-55314584,S3-28391425,S3-915560653,S3-667815823
S1-78728267	S2-595265518,S2-539204540,S2-266529850,S3-777737836,S3-389830698,S2-446761313,S3-343934684,S2-975291397,S3-666943106,S2-388192690,S3-615493175,S2-292165524,S2-550625611,S3-690589208,S2-952858710,S2-416493275,S2-938316135,S2-419031945,S2-647740777,S2-247144607,S2-962455440,S3-325621631,S2-877804843,S3-100659662,S2-426549931,S2-706321668,S2-17102176,S2-113115082,S3-596517712,S2-645330149,S2-631174413,S3-221443476,S2-205836707,S3-372063746,S2-917258438,S2-763720598,S3-215199655
S1-788563249	S2-297579015,S3-852035874,S2-519059543,S3-182558974,S2-521049331,S3-989976791,S2-234992726,S2-566025912,S3-944706854,S3-20762321,S3-275013845,S3-869217790,S2-21907891,S2-550277993,S3-492718178,S2-335122263,S3-818722089,S3-953042337,S2-813354914,S3-28391425,S2-102958975,S2-450192914,S2-645886241,S2-730294781,S2-477732440,S3-839414204,S3-382077226,S2-107820820,S2-188979997,S2-910843497,S2-112287031,S2-993515161,S3-200532536,S3-866935454,S3-398254055,S2-400493855,S3-561839301,S3-398663305,S3-961706443,S3-566490588
S1-789286562	S2-795335462,S2-124355652,S3-867263634,S2-852042207,S3-75368171,S2-245492787,S2-733379415,S2-256206990,S3-960416326,S2-781720719,S2-952858710,S3-927656784,S3-532782484,S3-526709055,S2-442790965,S3-879002896,S2-582157971,S2-54411910,S3-371003220,S3-70761478,S3-999219872,S3-777285032,S2-477732440,S3-976515721,S3-382077226,S2-456952016,S3-50281059,S3-320488619,S2-86010362,S2-750801102,S3-231099763,S2-27508375,S2-46119598,S3-891899299,S2-270257041,S2-827722721,S3-310059196,S3-622017603,S2-385507714,S2-576702297
S1-789788578	S2-519059543,S2-219660332,S2-168699267,S3-790378506,S2-543939410,S2-240202044,S2-17102176,S2-976793661,S2-868579348,S2-936125922,S3-437591401,S3-84748082,S3-279953500,S2-951148549,S2-123684620,S3-543939305,S2-836553957,S3-221443476,S2-205836707,S2-938316135,S3-191731437,S2-198008021,S3-775455620,S3-339481146,S2-966023861,S2-346602286,S2-220756381,S3-894084902,S3-745195971,S2-877804843
S1-792204527	S2-167404095,S3-732122684,S2-165898626,S3-220702244,S2-336821634,S3-652123162,S2-6184028,S2-30931575,S2-960258531,S3-191842349,S3-542159634,S2-61166243,S2-872782933,S3-193324646,S2-833094944,S2-115402855,S2-394696306,S3-955767277,S3-736494730,S3-399738814,S3-100799892,S3-488679255,S2-940559356,S2-895992482,S3-219024394,S3-399526928,S3-460759790,S3-266018996,S2-536451479,S3-237604674,S3-599066239,S2-673317537,S2-94145774,S3-643531990,S2-55418957,S3-330359437,S2-442169767,S3-810108097,S3-116557348,S3-333411132
S1-799535694	S3-622017603,S2-750801102,S3-626034570,S2-918973885,S2-175042336,S3-159233685,S3-122077614,S2-954075074,S3-268628840,S2-861422809,S2-965614954,S2-345568659,S3-619003652,S2-916015676,S3-217903829,S2-858333878,S3-317441331,S2-902499230,S2-269915770,S3-965405807,S3-664669292,S3-769518935,S2-193510687,S2-945687659,S3-219254729,S2-804364266,S3-474644511,S3-222306979,S3-10300249,S2-657995058,S2-46119598,S2-753618829,S3-908148625,S3-895598264,S3-264170444,S3-532782484,S2-169339199,S3-643531990,S2-124355652,S2-896768736
S1-800911534	S2-199451665,S2-950950353,S2-375151053,S2-365604487,S2-246629472,S2-497654662,S2-872782933,S2-951545184,S3-518430580,S2-927555880,S3-872205830,S3-268628840,S3-61963480,S2-425334082,S3-674207500,S3-267883217,S3-525615575,S3-775447058,S2-898849110,S3-796280583,S2-86137182,S3-115390426,S2-797348450,S3-990277305,S2-329140637,S3-626087419,S2-999235003,S3-784451810,S2-871779147,S2-896940804,S2-854425445,S2-975291397,S3-604715797,S2-857504798,S2-314240782,S3-298276174,S2-938316135,S2-378846408,S2-247144607,S3-268657388
S1-802731895	S3-693984318,S3-521921590,S3-605289520,S2-169339199,S3-217903829,S2-388594236,S2-313955120,S2-578484139,S3-695973055,S2-412565852,S2-70085549,S2-476476786,S2-141345465,S3-112556658,S3-326018425,S2-462183999,S2-395778865,S3-419085785,S2-769905076,S3-726772995,S2-439055696,S3-425007676,S2-269915770,S3-380230383,S3-999913674,S3-50374457,S3-813547907,S2-119647643,S2-6860805,S2-442251246,S3-764653606,S3-260946793,S2-979096206,S2-600460285,S3-180087778,S3-908148625,S3-347087196,S2-442169767,S3-872013487,S3-967822899
S1-807424751	S2-91100310,S3-426185568,S3-960326648,S3-977845400,S3-742526233,S3-807090678,S2-927555880,S3-185580229,S2-476468994,S3-606193838,S2-809665812,S3-593981074,S2-134952939,S2-303061871,S2-972087927,S3-801858031,S2-153022216,S3-463105299,S2-158086966,S3-380230383,S3-164184713,S3-528485292,S3-221443476,S3-69683574,S3-558285322,S2-578788567,S3-436480804,S2-932162073,S3-335312367,S3-365545709,S2-46119598,S2-867917626,S2-469081581,S2-584492860,S2-334939365,S3-497775376,S2-94145774,S2-292567038,S3-312577481,S3-180537830
S1-807938084	S2-214939320,S3-116557348,S2-453562565,S3-260946793,S2-202662079,S2-169339199,S2-704180517,S3-185580229,S2-600460285,S3-977845400,S3-739484686,S2-70085549,S2-672191745,S2-118916909,S3-915330451,S3-527612989,S3-773458342,S2-357438552,S3-532782484,S2-393902595,S3-447259837,S2-138331307,S2-984790670,S3-521066083,S2-8736718,S3-73755756,S3-783337925,S2-63117139,S2-480897317,S3-945390736,S2-526493060,S2-46119598,S2-153968942,S2-596368087,S2-563202302,S2-933321607,S3-810108097,S3-693984318,S2-797828425,S2-867169728
S1-80873383	S3-852035874,S3-839414204,S2-467501398,S2-21907891,S3-182512145,S3-818722089,S2-403476558,S2-975631805,S3-182558974,S2-521049331,S3-175443554,S2-566025912,S3-606217734,S3-944706854,S2-827722721,S3-869217790,S2-335122263,S3-492718178,S3-953042337,S2-108012128,S3-654987910,S3-28391425,S2-753125951,S2-647742770,S2-645886241,S2-297579015,S3-148461291,S2-267512484,S2-107820820,S2-934211245,S2-878037834,S2-400493855,S3-191777631,S3-616747941,S3-580891382,S3-409858322,S3-505492976,S3-873113499,S2-585918330,S3-282633530
S1-808794467	S3-467435512,S3-99392192,S3-45364968,S2-462866226,S2-598312557,S2-519059543,S3-36348173,S3-257698168,S2-530061167,S2-884102769,S3-559022742,S2-365487618,S2-22799180,S2-240825627,S2-647740777,S3-234011238,S2-795525631,S3-975969666,S2-54411910,S3-331873108,S2-450192914,S3-380230383,S2-730294781,S2-681236478,S2-706548751,S2-168132027,S2-744098365,S3-382243274,S2-171518968,S2-103781604,S2-388192690,S2-768679434,S2-409717420,S2-240202044,S2-589083365,S2-416362828,S2-781720719,S3-668629842,S2-621647150,S2-395671932
S1-81033582	S2-20798878,S3-367504316,S3-24193561,S2-70822028,S2-262646344,S3-349819283,S3-234659501,S2-158121477,S3-182558974,S2-521049331,S3-198586129,S3-971111671,S3-944706854,S3-561839301,S2-229203598,S3-312577481,S3-198548382,S3-952935394,S2-376908945,S3-899716627,S3-944195300,S2-278570858,S3-957068009,S2-372458033,S2-708532933,S2-845107728,S2-177873237,S3-620755797,S3-901997932,S2-991545286,S3-853096152,S3-36174880,S3-191777631,S2-647945622,S2-21907891,S2-624492996,S2-160823657,S3-41415156,S2-525391570,S2-284570733
S1-813052697	S2-773257998,S3-963242645,S3-448698808,S2-54101700,S2-940603889,S2-185048111,S2-630672871,S2-767997013,S2-925400951,S3-525615575,S3-641559642,S2-841642984,S2-652123638,S2-654562074,S3-664467546,S2-703096481,S2-187909971,S2-730055337,S2-80030619,S2-481572644,S3-626034570,S3-289000533,S3-576431503,S2-780725709,S3-73958887,S3-481551569,S2-322554268,S2-648203570,S2-80200813,S2-313905133,S3-941638500,S2-22034959,S3-422729132,S3-661238925,S2-686535448,S2-851305685,S3-288440193,S3-267516505,S2-411272285,S3-227725397
S1-816918307	S3-96366507,S3-801858031,S3-246690251,S2-22034959,S2-267512484,S3-945390736,S3-872013487,S2-89101680,S2-815721073,S2-127971493,S2-347507840,S2-340420883,S2-225002758,S3-289000533,S3-106514182,S3-662721327,S3-200553210,S3-464507396,S3-506810019,S3-74786614,S2-289373702,S2-284564865,S2-28901364,S2-104187102,S2-379810610,S3-878176472,S3-589030069,S3-231099763,S3-503430799,S2-46119598,S2-235829911,S3-934577839,S2-562037907,S2-334939365,S2-744323706,S2-993595929,S3-532782484,S2-563202302,S3-510277949,S3-976674051
S1-817207769	S3-218566871,S2-750801102,S3-712308497,S2-730055337,S2-918973885,S3-294208174,S2-175042336,S3-527612989,S2-165898626,S3-61963480,S2-906594195,S2-80030619,S2-916015676,S2-771719189,S2-858333878,S3-525615575,S2-528929761,S3-173398261,S3-965405807,S3-662861736,S2-797348450,S2-276569893,S2-193510687,S2-138070868,S2-945687659,S3-222306979,S3-474644511,S2-657995058,S2-871779147,S3-415590169,S2-899542587,S2-46119598,S3-231099763,S3-52817413,S2-979096206,S2-600460285,S3-611681699,S2-313905133,S3-312577481,S3-908148625
S1-818470647	S3-214982367,S2-257520714,S2-245878292,S3-481581345,S2-753618829,S3-657919288,S2-235259222,S3-691294985,S3-776030941,S3-45364968,S2-782078221,S2-702263933,S2-293341063,S3-955767277,S2-357180028,S2-429414207,S2-370796080,S3-371959453,S3-101242901,S3-576703765,S2-138070868,S3-75604340,S2-887008334,S3-222120,S3-395400724,S2-269300058,S2-51615186,S2-292978314,S2-651461416,S3-937510720,S2-85144335,S3-99392192,S3-989976791,S2-80295737,S2-234992726,S2-553274633,S2-768679434,S2-240202044,S2-589083365,S3-442566277
S1-819898451	S3-852035874,S3-306853514,S3-873113499,S3-887718222,S2-412254468,S3-509005412,S2-649702926,S2-719864134,S3-821572423,S2-160823657,S3-290413216,S2-648630388,S2-376908945,S3-419085785,S3-636367698,S2-485885002,S3-444997278,S3-979560154,S3-693984318,S2-424998513,S2-621647415,S2-333148428,S3-831127676,S3-737363811,S2-676069227,S3-572176821,S2-107820820,S3-305215419,S3-907381535,S3-481551569,S3-200532536,S2-878037834,S3-866935454,S2-400493855,S3-561839301,S3-616747941,S3-961706443,S3-566490588,S3-935965425,S2-697514180
S1-820730560	S2-28901364,S2-104187102,S3-749350856,S2-170268811,S2-815721073,S3-943929303,S2-227155379,S2-347507840,S2-357438552,S2-927573547,S3-268628840,S2-340420883,S2-938316135,S2-225002758,S3-979560154,S3-506810019,S2-966780876,S3-643284918,S2-289373702,S3-437591401,S2-85084966,S2-895906111,S3-219254729,S2-982792981,S2-379810610,S2-324435790,S3-878176472,S2-339363122,S2-744098365,S2-698031192,S3-733735582,S3-23492958,S3-119839576,S2-239070834,S2-877531568,S2-699920476,S2-2920056,S2-293341063,S3-360310067,S2-895992482
S1-820877559	S2-595735456,S2-901270840,S3-912471660,S2-895992482,S2-497654662,S2-568605,S3-574534442,S3-57664006,S2-51615186,S2-857275799,S3-492718178,S3-716879886,S3-995796854,S3-733735582,S2-412565852,S2-240202044,S3-742570614,S2-170268811,S2-793082753,S3-457871420,S2-558638291,S2-977110544,S2-938316135,S2-568439667,S3-514174091,S3-419085785,S3-703481876,S2-583840796,S3-681673434,S3-999913674,S2-471712099,S2-522665032,S3-371959453,S3-878936770,S3-48910651,S3-690846529,S2-917258438,S3-901997932,S2-696588819,S2-966023861
S1-827961773	S3-182558974,S2-521049331,S3-952935394,S3-839414204,S2-566025912,S3-28391425,S2-645886241,S2-107820820,S2-540565178,S3-198586129,S3-944706854,S3-971111671,S3-561839301,S2-229203598,S3-869217790,S2-21907891,S3-492718178,S2-335122263,S3-818722089,S3-953042337,S3-852035874,S2-70822028,S3-835032939,S2-262646344,S2-968505057,S2-20798878,S2-297579015,S3-349819283,S3-24193561,S2-350400344,S3-234659501,S2-714315001,S2-878037834,S2-699224357,S2-336076880,S2-342790091,S2-816523255,S3-136619053,S3-226896868,S3-667815823
S1-829126727	S3-844042071,S2-170890750,S3-841034461,S3-841734573,S2-633888738,S3-966230926,S2-737499898,S2-940366297,S3-44375592,S2-469081581,S2-256206990,S2-504393659,S3-900511946,S2-550277993,S3-532782484,S2-124355652,S3-355846923,S3-106514182,S3-879002896,S3-890827221,S2-424599024,S2-477732440,S2-795335462,S3-170975522,S3-464088678,S2-154961257,S3-286018627,S3-797598442,S3-865293282,S3-29698559,S2-761740572,S3-764653606,S2-541548865,S3-891899299,S2-753618829,S2-201725895,S3-837926466,S3-180087778,S2-434748052,S3-895598264
S1-83258310	S2-108012128,S3-802883757,S2-878037834,S3-737363811,S2-993515161,S2-699224357,S3-367504316,S3-543902884,S3-41415156,S2-275882814,S2-53149930,S2-392595553,S3-735677932,S2-441692657,S3-272775451,S2-482993395,S3-780090761,S3-31888634,S2-965682240,S3-8200545,S2-956952534,S3-889671181,S3-824732621,S3-620755797,S2-630783962,S3-743825885,S2-478128946,S3-538370350,S3-305215419,S3-776731848,S3-191777631,S3-616747941,S2-160823657,S3-727698517,S3-935965425,S3-572525205,S3-1062100,S2-383030202,S3-873113499,S2-585918330
S1-834257002	S2-854425445,S2-975631805,S2-388192690,S2-388543405,S3-712308497,S3-606217734,S2-595491693,S3-909974680,S3-616747941,S3-279953500,S3-918266000,S2-340420883,S3-360310067,S2-753125951,S2-769905076,S3-993672239,S3-293567316,S3-173398261,S3-319252793,S2-902880487,S2-226111615,S3-700661814,S3-148461291,S2-379810610,S2-40876366,S2-33290707,S3-901997932,S2-696588819,S3-57664006,S2-875516379,S2-768679434,S3-45364968,S3-249624801,S2-504393659,S3-20479494,S2-429426834,S3-668629842,S2-558638291,S3-549513530,S2-621647150
S1-837916944	S3-28391425,S2-297579015,S3-182558974,S2-547439488,S2-975631805,S2-521049331,S2-566025912,S3-606217734,S3-944706854,S3-657235525,S2-258612635,S2-169727784,S3-869217790,S2-21907891,S2-335122263,S3-492718178,S3-818722089,S3-953042337,S2-470513530,S3-852035874,S2-959352705,S2-941100325,S2-378555943,S3-967418953,S2-645886241,S3-148461291,S3-839414204,S3-819001322,S2-107820820,S2-818031985,S2-878037834,S2-704784114,S2-750817241,S2-400493855,S3-853096152,S3-616747941,S3-192263409,S3-398663305,S2-955876497,S3-677352980
S1-841168517	S2-722510752,S2-222871632,S2-857504798,S3-153388083,S2-809665812,S2-262622446,S2-932162073,S3-294231709,S3-836337426,S3-382243274,S3-852602832,S2-866564035,S2-651671642,S2-388192690,S2-936125922,S2-462866226,S2-781720719,S3-20479494,S3-77290626,S2-147498899,S2-572629507,S3-337064812,S2-426549931,S3-700236919,S2-113115082,S2-199021860,S2-234200980,S2-49777022,S2-432415976,S3-660132186,S2-300060087,S3-940251367,S3-664158078,S3-771452301,S2-123627795,S3-467435512,S2-119647643,S2-275148474,S3-343934684,S3-907381535
S1-842551642	S3-20479494,S3-979560154,S2-364440651,S2-403476558,S2-975631805,S3-655786151,S2-52929474,S3-683741745,S2-376908945,S3-419085785,S3-157224914,S3-299980143,S3-182512145,S2-951148549,S3-668979909,S2-315775481,S2-388192690,S2-375151053,S3-856896406,S3-75554428,S3-985177020,S2-246629472,S2-37424835,S3-185659081,S3-77290626,S3-668629842,S3-298276174,S2-419031945,S2-247144607,S3-234011238,S3-521783865,S3-265204232,S2-113115082,S2-234200980,S2-49777022,S2-432415976,S2-300060087,S3-626087419,S3-664158078,S2-763720598
S1-844617434	S2-753125951,S2-479477181,S3-733735582,S2-498001172,S2-895992482,S2-858213429,S2-991613543,S2-2920056,S2-574723490,S2-484457398,S3-23492958,S3-976233702,S3-416247723,S3-967364237,S3-339481146,S2-634068583,S2-598312557,S3-99392192,S2-768679434,S3-36348173,S2-258612635,S3-836337426,S3-20479494,S2-374632896,S3-185659081,S2-394696306,S3-668629842,S2-240825627,S2-395671932,S2-170192254,S2-235569498,S2-20473893,S2-364440651,S2-182986806,S3-239848768,S3-596517712,S3-160961194,S2-49777022,S3-899298661,S2-651671642
S1-847114478	S3-836337426,S2-275369766,S2-880373574,S2-262622446,S2-722510752,S3-153388083,S3-515717408,S3-294231709,S2-462933950,S3-285620374,S2-857504798,S2-429426834,S2-809665812,S3-683741745,S2-222871632,S2-214168322,S2-568605,S3-573605691,S2-728794279,S3-852602832,S2-866564035,S3-75604340,S2-651671642,S3-854398958,S3-919632385,S2-932162073,S3-382243274,S3-870588828,S3-526395226,S2-868579348,S2-388192690,S3-170176936,S2-412565852,S2-240202044,S2-682586639,S2-416493275,S2-938316135,S2-247144607,S3-695341943,S2-258890831
S1-847310129	S2-255481825,S2-872782933,S3-955767277,S2-510842397,S3-510277949,S3-22649261,S3-517069981,S2-877133584,S3-103232508,S2-627682672,S2-634571997,S2-929103679,S2-453562565,S2-767658445,S3-130545818,S3-347087196,S3-45179985,S2-960258531,S2-528929761,S3-716768106,S2-898849110,S3-431726820,S3-246690251,S2-85470349,S3-73958887,S3-216745957,S3-266018996,S3-286018627,S2-480897317,S3-415590169,S2-526493060,S2-46119598,S3-193324646,S2-235829911,S2-89239695,S3-457871420,S2-54275281,S3-532782484,S2-283264445,S2-655787096
S1-848293840	S3-741835199,S2-976793661,S2-375151053,S3-518430580,S3-892319511,S2-331483512,S2-562716881,S3-290413216,S3-713591626,S3-606193838,S2-418963724,S2-206048699,S3-152598937,S2-706321668,S3-661249181,S2-471800381,S3-381935731,S2-220512313,S2-104187102,S3-341799280,S3-574534442,S2-818031985,S2-598312557,S2-315775481,S2-388192690,S3-615493175,S2-768679434,S2-936125922,S3-45364968,S2-636355308,S2-781720719,S3-668629842,S2-558638291,S2-378846408,S3-593981074,S3-421753436,S3-535444031,S2-235569498,S3-325621631,S2-17102176
S1-851421910	S3-268628840,S2-950950353,S3-509281903,S3-181925627,S3-952935394,S2-999235003,S2-951545184,S3-260946793,S2-982792981,S2-425334082,S3-267883217,S2-896940804,S3-990277305,S2-526493060,S3-231099763,S2-46119598,S2-342025906,S2-507168266,S2-584492860,S2-652960468,S2-625718384,S2-744323706,S2-292567038,S3-351490610,S3-201326665,S2-611732843,S3-2378515,S3-688194826,S2-596368087,S2-858333878,S3-481281044,S2-514820746,S2-787861634,S2-867169728,S2-897338634,S2-179065185,S3-671697226,S2-956479781,S2-673373120,S3-853414998
S1-85238196	S3-391823164,S2-597634181,S2-170268811,S2-471712099,S3-267883217,S3-937140604,S2-990903288,S2-315775481,S2-86010362,S2-598312557,S2-666652825,S2-562716881,S2-609571259,S2-395778865,S3-311994839,S3-316083080,S3-429040708,S2-622752249,S2-866429334,S2-289373702,S2-682253147,S3-381935731,S3-863521415,S2-84473557,S2-888652626,S3-472293246,S2-268861424,S2-51615186,S3-568974033,S3-320488619,S3-238774081,S3-912471660,S3-514572990,S2-187743820,S2-938316135,S3-147393075,S3-268657388,S2-888162848,S3-574587263,S2-642863486
S1-852807313	S2-947896922,S2-170890750,S3-61963480,S3-841734573,S3-358432918,S3-966230926,S2-852042207,S2-940366297,S3-75368171,S2-245492787,S2-733379415,S2-791121005,S3-960416326,S3-542159634,S3-872205830,S2-781720719,S3-220702244,S2-336821634,S2-393902595,S3-96795509,S2-370796080,S3-31888634,S3-841034461,S3-245921597,S2-633888738,S3-999219872,S3-777285032,S3-50281059,S3-286018627,S2-541548865,S2-46119598,S3-231099763,S2-102506722,S2-201725895,S2-501534718,S3-158901285,S3-895598264,S2-410411373,S2-596368087,S2-563202302
S1-857992844	S2-823495263,S3-191777631,S3-660838032,S3-610536355,S3-764805204,S3-331435880,S2-647945622,S2-469081581,S2-782078221,S2-580586919,S3-660592001,S3-668629842,S2-955629599,S2-225002758,S2-962455440,S2-770493466,S3-320542108,S2-977401479,S3-190239742,S2-290238781,S2-647447093,S2-975502236,S3-978862386,S2-123684620,S2-917596702,S2-440207111,S2-706548751,S3-556228627,S3-376351604,S2-498170125,S2-878037834,S2-400493855,S3-802883757,S3-616747941,S2-160823657,S2-108012128,S2-862578020,S3-935965425,S3-505492976,S2-383030202
S1-860482342	S3-222120,S2-949729542,S3-836337426,S2-608761794,S2-853058328,S3-289567021,S2-866564035,S2-651671642,S2-722510752,S3-746507879,S3-153388083,S3-389830698,S3-294231709,S3-856022427,S2-857275799,S2-991288907,S2-857504798,S2-809665812,S2-222871632,S3-937791576,S3-852602832,S2-730294781,S2-862000237,S2-856802130,S2-888652626,S2-747996032,S2-262622446,S2-932162073,S3-382243274,S3-797381132,S2-598312557,S2-854425445,S2-553274633,S2-240202044,S2-726058757,S3-175964530,S3-668629842,S2-621647150,S2-357180028,S2-395671932
S1-860794391	S3-92755938,S2-816523255,S3-679747836,S2-390533432,S2-290238781,S2-21907891,S3-660838032,S3-819591530,S2-374632896,S2-989542032,S2-731994682,S3-144784336,S2-954075074,S2-672392100,S3-46662325,S3-219254729,S2-804364266,S3-191777631,S3-44375592,S2-647945622,S3-922191827,S2-613647075,S3-927491453,S2-442251246,S3-234659501,S2-566025912,S2-791121005,S2-383030202,S3-136619053,S2-412254468,S3-667815823,S3-6822167,S2-685762130,S3-549736271,S3-777809192,S3-712130770,S2-647742770,S2-468490076,S2-850040932,S2-401513784
S1-862701045	S2-750801102,S3-515717408,S3-945426231,S2-518383016,S2-21907891,S2-918973885,S3-294208174,S2-175042336,S3-773458342,S2-816523255,S3-583976846,S2-80030619,S2-916015676,S2-771719189,S3-45395949,S2-858333878,S3-435130814,S3-287107415,S3-965405807,S2-933724724,S3-460759790,S2-424599024,S2-276569893,S2-193510687,S2-945687659,S2-592412285,S3-267108456,S3-348068567,S3-222306979,S2-657995058,S2-899542587,S2-810688876,S3-837926466,S2-313905133,S3-329012794,S3-895598264,S3-180537830,S3-315595058,S2-22034959,S2-442169767
S1-864062904	S3-810108097,S2-225122945,S3-389257885,S3-623589664,S3-217903829,S2-146545453,S2-765689508,S2-235829911,S3-812853393,S3-155795126,S2-214494222,S3-527612989,S2-283264445,S2-819310622,S3-9842107,S3-330359437,S2-862435993,S3-716768106,S3-600418036,S3-743729368,S2-850040932,S3-626087419,S2-595265518,S2-456952016,S3-232385421,S3-286018627,S3-864360820,S2-899542587,S2-46119598,S2-648203570,S2-753618829,S3-282781652,S2-810688876,S3-837926466,S3-967418953,S2-442169767,S3-976674051,S3-649166684,S3-333411132,S3-431726820
S1-866981273	S2-657995058,S3-167700207,S2-175042336,S2-945687659,S2-750801102,S2-370796080,S2-938065576,S3-435130814,S3-965405807,S3-222306979,S3-254508914,S2-80030619,S2-916015676,S2-771719189,S3-207721934,S2-858333878,S2-276569893,S2-193510687,S2-918973885,S3-294208174,S2-736586353,S3-503430799,S2-867917626,S3-231099763,S2-46119598,S2-80200813,S3-286512684,S3-217039093,S2-501534718,S3-2378515,S3-315595058,S2-96867962,S3-613147989,S2-655787096,S2-758146922,S2-787861634,S2-797828425,S3-173398261,S3-573076105,S2-621647415
S1-867332501	S3-622017603,S2-933865098,S3-221443476,S2-530685908,S3-937791576,S3-319252793,S2-619044353,S3-23781571,S3-142722160,S3-80840290,S3-335312367,S3-64868920,S2-526493060,S2-46119598,S2-507168266,S3-934577839,S2-321067876,S2-334939365,S2-744323706,S3-488074618,S2-501534718,S2-537184954,S3-613147989,S2-596368087,S3-976674051,S3-432574593,S2-867169728,S3-925061722,S3-173398261,S3-594701557,S2-535612524,S2-411272285,S2-85084966,S2-691788561,S3-774736455,S3-279361924,S2-670406970,S3-253977022,S3-177336223,S2-875724478
S1-868105169	S2-714315001,S2-955876497,S2-968505057,S2-647742770,S2-676069227,S3-616747941,S3-136619053,S2-409273301,S3-703496100,S2-854425445,S2-975631805,S2-704784114,S2-750817241,S3-606217734,S3-909974680,S3-78200790,S3-290413216,S3-918266000,S3-677352980,S2-753125951,S3-993672239,S3-679747836,S3-84626078,S2-560829432,S3-148461291,S2-578788567,S2-33290707,S3-161800995,S3-776731848,S2-878037834,S3-182558974,S2-521049331,S3-961706443,S3-566490588,S3-818722089,S3-852035874,S3-935965425,S3-572525205,S2-697514180,S3-282633530
S1-868609391	S2-621647150,S3-394633347,S3-985177020,S3-175443554,S3-275013845,S3-191484959,S3-760959067,S3-582435641,S3-705276886,S2-568439667,S3-688194826,S3-316195809,S3-303635792,S2-972087927,S3-482581656,S3-979560154,S2-574723490,S2-576201028,S3-572143343,S3-166269529,S3-391823164,S2-290816981,S3-382328733,S2-306547398,S2-51615186,S2-838274938,S3-674330070,S3-89438677,S2-388192690,S2-375151053,S2-768679434,S2-240202044,S3-442566277,S2-351519794,S3-716879886,S2-636355308,S2-246629472,S3-668629842,S3-298276174,S2-419031945
S1-869422569	S3-749350856,S3-653634693,S2-750470469,S3-254508914,S3-549513530,S3-191731437,S2-315775481,S2-388192690,S2-940559356,S2-412565852,S3-516547599,S2-240202044,S3-385365835,S2-787040456,S2-589083365,S2-471800381,S3-279953500,S2-951148549,S2-849284910,S3-595840838,S2-836553957,S3-69683574,S2-977110544,S2-205836707,S2-399869899,S2-895776476,S2-938316135,S3-966021760,S3-695341943,S2-917258438,S2-40876366,S2-262622446,S2-966023861,S2-258890831,S2-880373574,S3-686244553
S1-870190130	S2-528929761,S2-540182433,S2-39872285,S3-626087419,S2-595265518,S2-352215857,S3-615579872,S2-916015676,S3-179099570,S2-530061167,S3-568974033,S3-195976462,S2-853556005,S2-328922214,S2-141980176,S3-113497598,S2-469081581,S2-584492860,S2-195657644,S3-497775376,S2-292567038,S2-36390503,S2-439882075,S2-576702297,S2-298648749,S3-317441331,S2-797828425,S2-897338634,S3-573076105,S3-288440193,S2-601767250,S3-110214688,S3-279361924,S2-795335462,S3-565320535,S2-875724478,S3-54779552,S2-83634208,S2-578898262
S1-870309113	S3-631466617,S2-85144335,S3-484994752,S3-240733649,S2-497654662,S2-872782933,S3-153388083,S2-234992726,S2-893716684,S2-246629472,S3-872205830,S2-199451665,S3-92755938,S3-61963480,S3-2378515,S2-886358300,S3-525615575,S3-796280583,S3-795552833,S2-797348450,S2-329140637,S2-708532933,S3-932686955,S3-626087419,S2-666211711,S3-784451810,S3-870558068,S2-871779147,S2-896940804,S2-722510752,S2-315775481,S2-388543405,S2-446761313,S2-589083365,S3-916140155,S3-690589208,S3-20479494,S2-781720719,S3-77290626,S2-938316135
S1-870654726	S3-602802704,S3-771452301,S2-66101295,S2-478939888,S3-179099570,S2-170192254,S2-39872285,S2-308862519,S2-388192690,S2-240202044,S3-279953500,S2-682586639,S2-991288907,S2-246629472,S2-650640716,S2-92128471,S3-478490624,S2-895776476,S2-378846408,S2-247144607,S3-421753436,S3-219206801,S2-731994682,S3-80086277,S2-615015424,S3-347519927,S3-255577798,S2-973152754,S2-220512313,S2-300060087,S2-836553957,S2-205836707,S2-818031985,S2-867094288,S2-199559681,S3-80840290
S1-871112769	S3-182558974,S3-889671181,S3-743825885,S2-188368209,S2-482993395,S2-878037834,S2-704784114,S3-802883757,S2-595491693,S3-367504316,S3-203608044,S2-108012128,S3-1062100,S2-441692657,S3-272775451,S3-923060037,S2-938065576,S3-31888634,S2-965682240,S3-273272215,S3-8200545,S3-84626078,S3-737363811,S3-839414204,S3-824732621,S3-620755797,S3-572176821,S3-887718222,S2-340444360,S3-776731848,S2-400493855,S3-616747941,S3-398663305,S3-580891382,S3-818722089,S2-955876497,S3-952935394,S3-409858322,S3-677352980,S3-935965425
S1-873761236	S2-737499898,S2-8736718,S3-975969666,S3-552599122,S3-606193838,S3-514174091,S2-690368889,S3-422815078,S2-7365596,S3-545765346,S2-867917626,S3-194049640,S3-741835199,S3-892319511,S3-456593429,S2-562716881,S2-663959226,S2-582157971,S2-33428201,S2-976793661,S2-806209738,S2-471800381,S2-136704136,S3-863521415,S2-220512313,S2-498001172,S2-708532933,S2-54101700,S2-171518968,S2-818031985,S2-127755733,S3-776030941,S3-65312811,S2-877531568,S2-699920476,S2-609571259,S2-927573547,S2-204417353,S2-642863486,S3-316083080
S1-874436225	S3-180087778,S2-462183999,S3-895598264,S2-141345465,S2-575952928,S2-440948455,S3-477682199,S3-221443476,S2-906594195,S2-886358300,S3-78681427,S3-560657213,S2-541548865,S2-170890750,S3-719655015,S2-201725895,S3-286512684,S2-410411373,S3-532782484,S3-717745791,S3-142722160,S3-736148715,S3-810108097,S2-11764648,S3-649166684,S3-432574593,S3-250853646,S3-389257885,S3-288440193,S2-851305685,S3-526611118,S2-411272285,S2-881978571,S2-691788561,S2-104941292,S3-367727512,S2-871779147,S3-966230926
S1-875777939	S2-737499898,S2-498001172,S3-552599122,S3-545765346,S3-863521415,S2-204417353,S2-663959226,S3-514174091,S2-225002758,S2-806209738,S3-456593429,S3-422815078,S2-877531568,S2-336500242,S3-626087419,S3-975969666,S2-690368889,S3-257698168,S3-481581345,S2-726058757,S3-331873108,S3-857176159,S2-976793661,S2-233626843,S3-691294985,S2-234200980,S2-782078221,S2-7365596,S3-486371120,S3-690589208,S2-819778009,S2-952382616,S3-23492958,S3-521783865,S2-927573547,S3-833076537,S3-194049640,S2-254413757,S2-399869899,S2-411773002
S1-877808612	S3-505170939,S3-509281903,S2-705903019,S3-777809192,S3-239848768,S3-331435880,S2-645886241,S3-127741306,S2-444544903,S3-115653125,S3-365545709,S3-289697426,S2-526493060,S2-27508375,S2-342025906,S3-462677478,S2-507168266,S2-652960468,S2-744323706,S3-460206531,S2-292567038,S3-78200790,S2-385507714,S2-965614954,S2-537184954,S3-429952239,S2-596441431,S2-797828425,S2-897338634,S3-220575318,S2-73196616,S2-956479781,S3-111593164,S2-804364266,S2-761407187,S3-853414998,S2-351143563,S2-785042722,S3-162500917,S2-141980176
S1-87832748	S2-193013091,S2-280607105,S3-668629842,S2-931403538,S2-92128471,S3-389830698,S2-254413757,S3-583976846,S2-700195651,S2-407447896,S2-471712099,S3-175964530,S2-226111615,S3-646547625,S2-722510752,S2-315775481,S2-598312557,S2-388192690,S2-375151053,S2-240202044,S2-636355308,S2-462866226,S3-20479494,S2-781720719,S3-77290626,S2-240825627,S2-419031945,S2-395671932,S3-267883217,S2-585589926,S3-152598937,S2-113115082,S3-547572417,S2-49777022,S2-681236478,S2-432415976,S2-651671642,S3-626087419,S2-763720598,S3-450367692
S1-882791035	S3-282321912,S2-411773002,S3-124578688,S3-540353197,S3-67441115,S3-746507879,S3-23492958,S3-977845400,S2-409717420,S2-453562565,S2-927573547,S2-222871632,S3-311994839,S2-233474561,S3-219206801,S2-206048699,S2-271875776,S3-316083080,S3-98855106,S2-895992482,S2-933865098,S2-703096481,S2-706548751,S3-971808781,S3-783337925,S2-63117139,S3-22088661,S2-480897317,S3-945390736,S2-220756381,S2-547439488,S2-843672634,S3-904293301,S2-768679434,S2-127755733,S2-553274633,S3-249624801,S2-609571259,S3-122077614,S3-549513530
S1-883416047	S3-222306979,S3-288440193,S2-750801102,S3-977845400,S2-478939888,S3-517069981,S2-506313032,S2-782078221,S2-918973885,S3-294208174,S2-175042336,S2-66101295,S3-477682199,S2-80030619,S2-916015676,S2-771719189,S2-858333878,S2-258890831,S3-435130814,S3-965405807,S2-308418230,S2-806209738,S2-276569893,S2-193510687,S3-528485292,S2-945687659,S3-945362795,S2-657995058,S2-348424823,S2-146021424,S3-231099763,S2-46119598,S2-753618829,S2-810688876,S3-837926466,S3-895598264,S3-741815994,S3-958955314,S3-2378515,S2-22034959
S1-884660527	S3-535444031,S3-197819529,S2-315775481,S3-421753436,S2-153022216,S2-429414207,S3-372085852,S2-411773002,S3-657919288,S3-130875511,S3-691294985,S3-305215419,S3-442566277,S2-298281864,S3-825495383,S2-388192690,S3-615493175,S2-240202044,S3-742570614,S3-238774081,S3-716879886,S3-668629842,S2-621647150,S2-247144607,S3-234011238,S3-775455620,S3-822184939,S3-574587263,S2-206048699,S3-463105299,S2-113115082,S3-967364237,S2-471800381,S2-49777022,S3-215199655,S2-432415976,S3-341799280,S2-836553957,S3-626087419,S2-205836707
S1-887500171	S2-737499898,S2-498001172,S2-2920056,S3-975969666,S3-514174091,S2-239070834,S3-422815078,S2-7365596,S3-863521415,S2-491551718,S2-440207111,S3-733735582,S2-352215857,S3-552599122,S3-545765346,S2-702263933,S2-663959226,S2-336500242,S3-521783865,S2-806209738,S2-342720491,S2-690368889,S3-576703765,S2-136704136,S2-823489243,S2-348692468,S3-16078484,S3-540093376,S3-456593429,S3-628663985,S3-70211138,S2-80295737,S3-23492958,S2-815721073,S2-877531568,S2-699920476,S2-204417353,S2-972087927,S2-989542032,S2-933865098
S1-889012090	S2-714315001,S3-853096152,S2-409273301,S2-498170125,S2-975502236,S2-583114929,S2-600860109,S3-150322987,S2-266529850,S2-108012128,S3-198586129,S2-595491693,S2-697514180,S3-382077226,S2-39107260,S2-425334082,S2-580586919,S2-540565178,S2-835489415,S2-993515161,S2-878037834,S2-400493855,S3-945426231,S3-191777631,S3-961706443,S3-818722089,S2-160823657,S2-862578020,S3-727698517,S3-572525205,S3-935965425,S3-835032939,S3-282633530,S3-978287417,S2-23519898,S3-549736271,S2-613021953,S2-64479721,S3-381189652,S3-432126489
S1-89100953	S3-521783865,S2-980552823,S2-411773002,S3-776030941,S2-331483512,S3-540093376,S2-239070834,S3-422815078,S2-206048699,S2-972087927,S3-733735582,S3-275013845,S3-760959067,S3-995796854,S2-809665812,S2-303061871,S3-316195809,S2-534182089,S3-100799892,S2-574723490,S3-380230383,S3-166269529,S3-391823164,S3-558285322,S3-382328733,S2-51615186,S3-456593429,S3-568974033,S2-248821054,S3-674330070,S2-715963433,S3-372085852,S2-700195651,S2-768679434,S3-836337426,S3-611302121,S2-636355308,S2-400190057,S2-699920476,S2-609571259
S1-892745196	S2-722510752,S3-378073789,S2-328922214,S2-507544755,S3-712308497,S2-396366670,S2-950272526,S3-843493474,S3-497775376,S2-292567038,S2-650640716,S2-847938260,S3-606193838,S2-283264445,S3-962607637,S3-481758921,S3-265161935,S3-239848768,S3-380230383,S3-727410626,S3-276427681,S3-971808781,S3-994258368,S2-262622446,S2-303037664,S2-991671297,S3-853414998,S3-630998672,S3-335176300,S3-77919636,S2-388192690,S2-412565852,S2-170268811,S3-431084906,S2-504393659,S3-690589208,S2-880373574,S2-977110544,S2-793482283,S2-938316135
S1-895087526	S3-955193605,S2-594478805,S3-973665746,S2-765689508,S2-737024848,S2-763720598,S2-446761313,S2-252641622,S3-251039453,S2-138070868,S3-729285481,S3-503430799,S2-783899214,S2-973495524,S2-507168266,S2-334939365,S3-455958949,S2-537184954,S2-871650614,S2-596441431,S3-287539645,S3-877919199,S2-787861634,S2-867169728,S3-961421742,S3-888634508,S2-191311189,S2-601767250,S2-469696634,S2-955811648,S2-304177076,S2-303037664,S2-991671297,S2-761407187,S2-875724478,S2-785042722,S2-613647075,S2-141980176,S3-17568830,S3-113497598
S1-895155435	S3-590072303,S3-414627989,S2-651671642,S3-148974528,S3-153388083,S3-741835199,S3-943929303,S2-31694455,S2-125567446,S2-37424835,S3-198548382,S2-952858710,S2-609571259,S2-809665812,S3-311994839,S3-822184939,S2-303061871,S3-738758511,S2-305285654,S3-267547161,S2-86137182,S2-416962807,S2-234200980,S3-821439308,S2-578788567,S3-507043143,S3-674330070,S2-854425445,S2-240202044,S2-793082753,S2-506313032,S3-856022427,S2-682586639,S3-690589208,S3-326018425,S2-416493275,S2-977110544,S3-957768361,S2-938316135,S2-378846408
S1-897975128	S2-813354914,S2-478939888,S3-275013845,S2-827722721,S3-578512303,S3-576431503,S3-203608044,S3-478490624,S3-185659081,S2-222871632,S2-55418957,S3-67441115,S3-604980231,S3-927491453,S2-938065576,S2-703096481,S3-273272215,S3-825495383,S2-229677112,S2-911141492,S3-84626078,S3-839414204,S3-784451810,S3-464088678,S3-572176821,S3-540353197,S2-188979997,S2-188368209,S2-25830538,S3-657521923,S3-289697426,S2-526493060,S2-27508375,S2-270257041,S2-652960468,S2-744323706,S2-292567038,S3-622017603,S2-385507714,S3-329012794
S1-89928972	S3-55314584,S3-175443554,S2-507544755,S2-827722721,S2-582539737,S2-108012128,S3-654987910,S3-501171061,S3-28391425,S3-915560653,S2-647742770,S3-96054713,S3-380230383,S3-498143635,S2-773257998,S3-971808781,S2-262622446,S2-267512484,S3-468731115,S2-934211245,S3-234659501,S2-566025912,S2-791121005,S2-816523255,S2-383030202,S3-136619053,S2-241220505,S2-717201533,S3-282633530,S3-444997278,S3-667815823,S3-6822167,S3-549736271,S3-777809192,S3-643284918,S2-468490076,S2-401513784,S2-850040932,S2-290238781,S2-645886241
S1-901504091	S3-668629842,S2-80295737,S2-700195651,S2-187095631,S3-175964530,S2-462866226,S3-872205830,S2-92128471,S2-950950353,S2-793482283,S3-514174091,S3-303635792,S2-20473893,S2-11497933,S2-895992482,S2-219660332,S3-664669292,S3-681673434,S3-190239742,S3-572143343,S2-226111615,S2-407447896,S2-123684620,S3-646547625,S3-990277305,S2-199280788,S2-440207111,S2-706548751,S2-254413757,S3-227722749,S2-598312557,S3-36348173,S3-238774081,S3-892319511,S3-45364968,S3-916140155,S3-20479494,S2-222871632,S2-938316135,S3-147393075
S1-901881022	S3-182558974,S2-521049331,S2-459485143,S3-606217734,S3-556228627,S2-107820820,S3-477828510,S3-818722089,S3-953042337,S3-454284148,S2-975631805,S3-764805204,S2-566025912,S3-944706854,S3-869217790,S2-21907891,S2-335122263,S3-492718178,S3-908148625,S3-852035874,S2-816523255,S2-895776476,S3-28391425,S2-701289183,S2-645886241,S2-372458033,S2-297579015,S3-148461291,S3-839414204,S3-832461160,S2-112287031,S2-158121477,S2-878037834,S3-398254055,S2-699224357,S2-336076880,S3-961706443,S3-566490588,S3-601197303,S2-275882814
S1-905520099	S3-644424345,S3-260946793,S3-287107415,S2-22034959,S3-662861736,S2-442790965,S2-615015424,S3-658437431,S2-796991793,S3-191842349,S2-388192690,S3-657235525,S2-240202044,S3-611302121,S3-690589208,S2-416493275,S2-977110544,S2-938316135,S2-568439667,S2-68759678,S2-701289183,S3-100659662,S3-267547161,S2-220756381,S2-783082192,S2-275369766,S3-878936770,S2-836553957,S2-815181762,S2-205836707,S2-801684160,S2-917258438,S3-972533463,S3-372063746,S2-966023861,S2-818031985,S2-868579348,S3-431084906,S3-80840290
S1-906720062	S2-773257998,S3-448698808,S2-185048111,S2-630672871,S3-222306979,S3-288440193,S2-767997013,S2-925400951,S3-525615575,S3-641559642,S3-481551569,S2-497654662,S2-654562074,S3-977845400,S3-517069981,S2-506313032,S2-782078221,S3-576431503,S3-995796854,S3-477682199,S3-520005053,S3-289000533,S2-258890831,S2-901270840,S2-806209738,S3-73958887,S2-652123638,S2-348424823,S3-431084906,S2-146021424,S2-648203570,S3-217039093,S2-175042336,S3-941638500,S3-927656784,S3-661238925,S2-30931575,S3-389257885,S2-851305685,S2-711854311
S1-907329636	S2-704784114,S3-253865524,S2-170244057,S2-770341988,S3-361062055,S2-878037834,S3-146360385,S3-655786151,S3-36174880,S2-182273804,S3-157224914,S2-670917034,S3-660592001,S3-290413216,S2-758493682,S2-505183846,S3-272775451,S3-320542108,S2-968505057,S3-679747836,S2-409273301,S3-978862386,S2-540565178,S2-438565549,S3-84626078,S3-607404491,S2-560829432,S2-676069227,S3-512908951,S2-910843497,S3-182558974,S2-750817241,S2-400493855,S3-853096152,S3-630840237,S3-191777631,S3-616747941,S3-192263409,S3-580891382,S2-21907891
S1-909865979	S2-874952494,S3-70211138,S2-481572644,S2-973152754,S2-86010362,S2-315775481,S2-654562074,S2-597634181,S3-616747941,S2-925400951,S3-869217790,S2-562716881,S2-400190057,S3-124578688,S2-767997013,S2-412254468,S2-271875776,S3-98855106,S3-265204232,S3-219024394,S2-630672871,S2-714953620,S3-115653125,S3-73958887,S2-773257998,S2-652123638,S2-185048111,S2-759764530,S2-51615186,S3-937140604,S2-80295737,S2-497654662,S3-426185568,S3-111562263,S2-462933950,S3-892319511,S2-975291397,S2-199451665,S2-950950353,S2-750187901
S1-910004085	S3-661249181,S3-937791576,S2-467863016,S2-835489415,S2-61166243,S3-23492958,S2-127755733,S2-974146456,S3-691294985,S2-833094944,S3-743187888,S2-204417353,S3-360310067,S2-336500242,S2-895992482,S3-100799892,S3-488679255,S2-940559356,S2-976793661,S3-349679455,S2-416962807,S2-233626843,S2-136704136,S2-104187102,S3-68321827,S2-536451479,S2-384601270,S2-976180948,S3-237604674,S3-335312367,S3-481581345,S2-235259222,S2-782078221,S2-877531568,S2-491551718,S2-232181140,S3-187125497,S2-793482283,S2-225002758,S2-247144607
S1-913506265	S2-503966344,S3-866935454,S3-549736271,S2-575142052,S2-613021953,S2-170244057,S3-349819283,S3-146360385,S3-36174880,S2-595491693,S3-928634282,S2-336076880,S3-157224914,S2-229203598,S3-580891382,S3-398663305,S3-855282751,S3-566490588,S3-660592001,S2-505183846,S2-441692657,S2-445598380,S3-272775451,S2-326224715,S3-423182087,S3-306853514,S2-775523121,S3-556228627,S3-230737613,S3-332250323,S2-158121477,S2-878037834,S3-971111671,S3-191777631,S2-647945622,S2-791121005,S2-160823657,S3-572525205,S2-383030202,S3-282633530
S1-915233460	S2-498001172,S2-819778009,S3-185659081,S2-55418957,S3-354195606,S3-16078484,S2-188979997,S3-825495383,S2-80200813,S2-342720491,S3-797598442,S2-229677112,S2-595735456,S3-927491453,S3-578512303,S2-25830538,S3-179214561,S2-526493060,S2-736586353,S2-46119598,S2-753618829,S2-469081581,S3-217039093,S2-94145774,S2-175042336,S3-478971264,S2-813354914,S3-958955314,S2-22034959,S2-655787096,S2-649569032,S3-967418953,S2-442169767,S3-448698808,S3-2045650,S2-797828425,S3-825917420,S3-573076105,S2-851305685,S3-623750247
S1-915512126	S2-269915770,S3-802348934,S2-200306868,S3-797337828,S3-574587263,S2-429414207,S2-769905076,S3-843493474,S3-23781571,S2-248821054,S3-372085852,S3-657919288,S3-691294985,S2-476476786,S3-442566277,S2-893716684,S2-31694455,S2-227155379,S2-141345465,S3-326018425,S3-421753436,S3-535444031,S2-439055696,S2-153022216,S3-521783865,S2-543939410,S3-380230383,S3-972533463,S2-411773002,S2-275148474,S2-388192690,S2-636355308,S2-416362828,S2-781720719,S3-668629842,S2-187743820,S2-419031945,S2-247144607,S2-170192254,S3-775447058
S1-918109974	S3-326018425,S3-689974753,S3-417315037,S3-958487791,S3-833970055,S3-461733052,S3-568974033,S3-405589108,S2-175042336,S2-409717420,S3-294231709,S3-907381535,S3-75554428,S2-884102769,S3-65312811,S2-351519794,S3-592033451,S2-462866226,S2-243767830,S2-938316135,S2-534182089,S2-901270840,S2-426549931,S3-293567316,S2-866429334,S3-967364237,S3-385365835,S2-275369766,S2-974757357,S2-595735456,S3-605637697,S2-645330149,S2-965432715,S2-40876366,S2-209188312,S2-744098365,S3-950165485,S3-450367692,S3-365545709
S1-921369899	S2-583114929,S3-831127676,S3-934627663,S3-852035874,S3-688013575,S2-710233773,S3-646756351,S3-401631450,S3-566490588,S2-445598380,S2-75328302,S2-649702926,S3-447201746,S3-240958385,S3-64079929,S3-192263409,S3-915597855,S3-426802910,S3-171876413,S3-299980143,S3-607404491,S3-398254055,S2-699224357,S2-816523255,S2-697514180,S2-262646344,S2-717201533,S3-915560653,S3-6822167,S3-549736271,S2-20798878,S3-777809192,S3-643284918,S2-401513784,S2-613021953,S2-409273301,S3-868511151,S2-540565178,S3-956639857,S2-292978314
S1-923121813	S2-23519898,S3-630840237,S2-613021953,S3-580891382,S2-975502236,S2-540565178,S2-506155991,S2-342790091,S3-855282751,S3-290413216,S3-409858322,S3-852035874,S2-697514180,S3-1062100,S3-873113499,S3-137807983,S3-978287417,S2-326224715,S3-712130770,S3-643284918,S2-726853276,S3-615509209,S3-401631450,S3-969662978,S2-917596702,S2-305637735,S2-676069227,S2-339363122,S3-956639857,S3-621025700,S2-975631805,S2-400493855,S3-802883757,S3-853096152,S3-191777631,S2-647945622,S3-192263409,S2-21907891,S3-41415156,S2-284570733
S1-927419156	S3-506810019,S2-199451665,S2-271875776,S2-497654662,S2-752749962,S3-870558068,S3-892319511,S2-750187901,S3-788075081,S3-175443554,S2-245878292,S2-815721073,S2-827722721,S2-227155379,S3-872205830,S2-347507840,S2-108012128,S2-340420883,S3-124578688,S2-225002758,S3-367901084,S2-289373702,S2-28901364,S2-329140637,S2-104187102,S2-379810610,S2-267512484,S3-468731115,S2-934211245,S3-22373856,S2-748040994,S3-857176159,S3-856022427,S2-550738304,S2-562716881,S3-514572990,S2-416493275,S2-938316135,S2-378846408,S2-534182089
S1-930501805	S3-925887761,S2-878037834,S2-375151053,S2-170890750,S2-473992508,S2-331483512,S3-249624801,S2-670917034,S3-290413216,S3-622017603,S2-758493682,S2-418963724,S2-505183846,S2-719452345,S2-206048699,S2-706321668,S2-182986806,S3-661249181,S3-623589664,S3-236881445,S2-218619721,S2-770341988,S2-226111615,S2-591078525,S2-104187102,S3-341799280,S3-512908951,S2-77137709,S3-367727512,S2-910843497,S2-315775481,S2-388192690,S2-768679434,S2-240202044,S3-518430580,S2-833094944,S3-28078346,S3-153885777,S2-636355308,S2-462866226
S1-935953663	S2-621647150,S3-856896406,S3-289567021,S3-549513530,S2-342655156,S3-257698168,S3-275013845,S3-251522598,S2-465143244,S3-760959067,S2-415633307,S3-137807983,S3-316195809,S2-972087927,S2-43134338,S2-574723490,S3-166269529,S3-445101009,S2-706548751,S3-391823164,S3-382328733,S3-343934684,S2-51615186,S3-674330070,S2-598312557,S2-315775481,S3-611302121,S3-45364968,S2-351519794,S2-141345465,S3-514572990,S2-558638291,S2-938316135,S3-191731437,S3-593981074,S2-378555943,S3-100799892,S2-266529850,S2-269204507,S3-658485254
S1-936869465	S2-955876497,S2-521049331,S2-566025912,S3-28391425,S3-136619053,S2-714315001,S2-85144335,S2-975631805,S2-234992726,S2-750817241,S3-606217734,S3-944706854,S3-616747941,S3-909974680,S3-869217790,S2-335122263,S2-21907891,S3-492718178,S3-818722089,S3-852035874,S2-425334082,S2-753125951,S3-703496100,S2-968505057,S3-993672239,S2-645886241,S3-148461291,S2-33290707,S3-161800995,S2-107820820,S3-234659501,S2-699224357,S3-971111671,S2-342790091,S2-816523255,S2-697514180,S3-55314584,S3-226896868,S3-444997278,S2-717201533
S1-937349180	S2-621647150,S2-875516379,S2-854425445,S2-681236478,S2-342655156,S3-695973055,S3-856896406,S2-240202044,S2-473992508,S2-857275799,S2-465143244,S2-37424835,S2-648630388,S2-340420883,S3-549513530,S3-46611218,S3-293567316,S2-595735456,S2-706548751,S2-379810610,S3-343934684,S3-289567021,S2-187909971,S2-722510752,S2-388192690,S3-417315037,S3-742570614,S2-258612635,S2-936125922,S2-781720719,S3-668629842,S2-558638291,S3-957768361,S2-419031945,S3-234011238,S2-585589926,S2-534182089,S3-726772995,S3-64868920,S2-17102176
S1-937797030	S2-927573547,S2-379810610,S3-166269529,S2-289373702,S2-28901364,S3-610536355,S2-815721073,S3-275013845,S2-127971493,S3-760959067,S2-347507840,S2-340420883,S2-225002758,S3-316195809,S2-972087927,S3-200553210,S3-464507396,S3-506810019,S2-574723490,S3-521783865,S2-284564865,S2-104187102,S3-391823164,S2-775523121,S3-878176472,S2-267512484,S3-382328733,S2-51615186,S3-446353128,S3-674330070,S2-737499898,S3-194049640,S2-127755733,S2-239070834,S2-235259222,S2-877531568,S2-374632896,S2-204417353,S3-311994839,S3-422815078
S1-94096071	S2-240825627,S2-388192690,S3-45364968,S3-99392192,S3-74786614,S3-975969666,S2-22799180,S2-681236478,S3-191484959,S3-666943106,S3-615493175,S2-768679434,S2-292165524,S3-75554428,S3-856022427,S3-153885777,S3-668979909,S3-20479494,S3-668629842,S2-558638291,S3-593981074,S3-267883217,S3-535444031,S3-775447058,S2-534182089,S3-603130097,S2-845010036,S3-394633347,S3-197819529,S3-367901084,S3-469354779,S2-49777022,S2-432415976,S2-763720598,S3-227722749,S3-237604674
S1-942180728	S3-469272577,S2-619044353,S3-719297797,S3-485517879,S2-815721073,S3-776500981,S2-867346039,S3-616482026,S3-56295844,S3-100363030,S2-647740777,S3-514174091,S2-218828004,S3-947130259,S3-166269529,S3-861554347,S3-162815052,S2-658886344,S2-805826813,S3-7528752,S2-888652626,S3-103896935,S3-690846529,S2-383876604,S3-575850065,S3-343934684,S3-50281059,S3-466523313,S2-780725709,S2-818031985,S3-733735582,S2-519059543,S2-597634181,S2-127755733,S2-240202044,S2-239070834,S3-279953500,S3-360310067,S3-311994839,S3-422815078
S1-946184931	S3-152598937,S2-375151053,S2-388543405,S2-706321668,S2-553274633,S2-158086966,S2-199021860,S2-748040994,S3-25636760,S2-938169179,S2-589083365,S3-714863745,S3-716879886,S3-985177020,S3-20479494,S2-277168615,S3-514572990,S2-558638291,S2-801684160,S2-938316135,S3-380741339,S2-247144607,S2-68759678,S3-574534442,S2-275148474,S2-420681243,S2-220756381,S2-583840796,S2-89663826,S2-426549931
S1-94665545	S2-916015676,S3-222306979,S2-750801102,S3-484994752,S2-893716684,S2-918973885,S3-294208174,S2-175042336,S3-622017603,S3-122077614,S2-954075074,S3-268628840,S2-861422809,S2-345568659,S3-619003652,S2-886358300,S2-80030619,S2-771719189,S2-858333878,S3-965405807,S3-664669292,S3-769518935,S2-276569893,S2-193510687,S2-945687659,S3-219254729,S2-804364266,S3-474644511,S3-240733649,S2-657995058,S3-454284148,S3-764653606,S3-231099763,S2-46119598,S2-322554268,S2-753618829,S2-127971493,S2-313905133,S2-556607231,S2-501534718
S1-948985690	S2-872782933,S3-552599122,S2-182273804,S2-600460285,S2-115402855,S2-125567446,S3-158901285,S3-482698711,S3-315595058,S3-643531990,S3-446409255,S3-294717043,S3-482581656,S3-448698808,S3-116557348,S3-961421742,S3-573076105,S2-621647415,S2-725167020,S2-711854311,S3-381935731,S3-266018996,S2-202662079,S3-380113570,S3-853414998,S3-321465058,S3-574534442,S3-915597855,S2-190625204,S2-769531847,S3-503430799,S2-46119598,S3-231099763,S2-973495524,S2-235829911,S2-334939365,S3-310059196,S3-810888025,S3-622017603,S2-596368087
S1-949091955	S2-648630388,S2-106341849,S3-792430672,S2-462933950,S2-589083365,S2-636355308,S2-562716881,S3-580736465,S2-241220505,S2-426549931,S3-265204232,S3-790378506,S3-239848768,S2-199021860,S3-768772995,S2-973152754,S3-84748082,S2-199280788,S3-990277305,S3-312413952,S2-598312557,S3-615493175,S3-153388083,S2-240202044,S3-275013845,S2-92128471,S2-781720719,S3-159233685,S3-20479494,S2-395671932,S3-234011238,S2-68759678,S2-235569498,S3-197819529,S2-783082192,S2-866564035,S2-49777022,S2-432415976,S2-651671642,S2-741133761
S1-950720921	S2-488801817,S3-246690251,S2-22034959,S3-801858031,S2-793082753,S3-466523313,S3-289000533,S3-945390736,S3-662721327,S2-706548751,S2-654562074,S2-648203570,S2-744323706,S2-925400951,S3-837926466,S2-175042336,S3-446409255,S2-563202302,S3-661238925,S3-967418953,S3-810108097,S3-448698808,S3-382870603,S3-389257885,S2-505969853,S2-851305685,S2-923816782,S3-641559642,S2-411272285,S2-248233059,S3-844042071,S2-817276686,S3-227725397,S3-380113570,S2-480897317,S3-481551569,S3-244285
S1-957109842	S3-419085785,S2-598312557,S3-200532536,S2-947273350,S3-695973055,S2-730055337,S3-78681427,S3-501171061,S3-267883217,S3-735677932,S2-638096571,S3-394633347,S2-516174026,S3-999913674,S2-34528244,S2-217900075,S2-888652626,S2-775523121,S3-230737613,S2-508590881,S2-342655156,S2-547439488,S2-507544755,S3-742570614,S3-892319511,S3-856022427,S2-141345465,S2-214494222,S2-416493275,S2-938316135,S3-191731437,S3-124578688,S2-853058328,S2-534182089,S3-148974528,S2-86137182,S2-728794279,S2-257520714,S2-123684620,S3-878936770
S1-958709603	S2-737499898,S3-552599122,S2-809665812,S2-703096481,S3-514174091,S3-456593429,S3-863521415,S3-545765346,S3-194049640,S3-442566277,S2-793482283,S2-663959226,S3-966021760,S3-268657388,S2-429414207,S3-422815078,S2-962455440,S3-975969666,S2-158086966,S2-231137367,S2-806209738,S2-690368889,S2-7365596,S2-268807777,S2-440207111,S3-506705579,S2-498001172,S3-466523313,S3-832461160,S3-237604674,S2-352215857,S3-23492958,S3-426185568,S3-742570614,S3-857176159,S3-66509585,S3-343548922,S2-609571259,S2-511146838,S2-258890831
S1-960221997	S3-22321512,S2-858213429,S2-941131362,S2-758493682,S2-919581150,S3-36174880,S3-198586129,S2-696588819,S3-226896868,S2-803209671,S3-332250323,S3-534004445,S2-698031192,S2-268861424,S2-340444360,S3-234659501,S3-971111671,S3-191777631,S2-791121005,S2-160823657,S2-862578020,S2-816523255,S3-572525205,S3-55314584,S3-727698517,S3-136619053,S3-444997278,S3-282633530,S2-717201533,S2-412254468,S3-667815823,S3-6822167,S2-23519898,S3-549736271,S3-777809192,S2-20798878,S3-944195300,S2-468490076,S2-401513784,S3-643284918
S1-960747316	S2-403476558,S3-959298060,S3-777809192,S2-971378991,S2-401513784,S2-468490076,S2-342790091,S3-768430007,S2-717201533,S2-148614998,S3-715117209,S3-513954017,S3-534004445,S3-677352980,S3-935965425,S3-59736918,S2-261771601,S3-226896868,S3-549736271,S3-240958385,S3-978862386,S3-182512145,S2-297579015,S3-556228627,S2-575142052,S3-230737613,S2-33290707,S2-554899730,S2-478128946,S3-332250323,S3-234659501,S3-802883757,S2-816523255,S3-55314584,S3-136619053,S2-102958975,S3-444997278,S3-667815823,S3-6822167,S2-850040932
S1-962993818	S3-852035874,S2-467501398,S3-646756351,S3-398663305,S3-171876413,S3-566490588,S2-649702926,S3-447201746,S2-75328302,S2-840964780,S2-275882814,S3-688013575,S3-64079929,S2-710233773,S3-137807983,S3-426802910,S3-405589108,S2-445598380,S3-240958385,S3-401631450,S2-257520714,S3-607404491,S2-583114929,S2-255481825,S3-831127676,S3-934627663,S3-915597855,S2-292978314,S3-299980143,S3-507043143,S3-200532536,S2-878037834,S3-866935454,S2-750817241,S2-400493855,S3-616747941,S3-580891382,S3-677352980,S2-392595553,S3-735677932
S1-963501196	S2-674785636,S2-315775481,S2-33467562,S3-572770613,S3-833076537,S2-836328205,S2-759764530,S3-24285581,S3-972533463,S2-729157829,S3-124578688,S3-96795509,S3-837926466,S3-660838032,S2-11497933,S2-270257041,S3-462677478,S3-934577839,S2-89239695,S2-338458211,S3-457871420,S2-993595929,S2-54275281,S2-169339199,S3-955767277,S2-721675766,S3-429952239,S2-157009014,S3-877919199,S2-797828425,S2-161885479,S2-276569893,S3-220575318,S2-73196616,S3-279361924,S2-255481825,S2-477732440,S3-777017504,S3-777737836,S2-748828746
S1-964877324	S3-201183791,S3-712308497,S2-682305910,S3-811459169,S3-488074618,S2-292567038,S3-78200790,S2-572406967,S2-840964780,S2-914966490,S2-954075074,S2-927573547,S3-409858322,S2-169339199,S2-283264445,S2-888162848,S2-654270940,S3-423182087,S2-516174026,S2-20595754,S3-173398261,S2-973829465,S3-33655295,S3-964553985,S3-777737836,S3-184174096,S2-784442772,S3-590749550,S2-25830538,S3-825495383,S2-852042207,S2-46119598,S2-322554268,S2-396366670,S2-127971493,S3-810888025,S3-705828303,S2-317480348,S3-329012794,S3-532782484
S1-966492570	S3-607404491,S3-735677932,S3-852035874,S2-649702926,S2-993515161,S3-657235525,S3-543902884,S3-447201746,S3-566490588,S2-75328302,S3-41415156,S2-53149930,S3-688013575,S3-64079929,S2-710233773,S3-899716627,S2-392595553,S3-426802910,S2-445598380,S3-240958385,S3-646756351,S3-401631450,S2-583114929,S3-831127676,S3-934627663,S2-630783962,S3-915597855,S2-478128946,S3-299980143,S3-171876413,S2-750817241,S2-400493855,S3-630840237,S3-616747941,S3-192263409,S3-580891382,S2-955876497,S3-409858322,S3-677352980,S3-935965425
S1-967139755	S3-106428443,S2-852042207,S3-75368171,S2-245492787,S3-448349907,S3-777418870,S2-733379415,S3-960416326,S2-781720719,S2-483583787,S2-394696306,S3-532782484,S3-268657388,S3-979560154,S3-740622432,S2-657508123,S2-686535448,S3-521066083,S3-888634508,S3-355506507,S3-115390426,S2-7365596,S2-508597312,S3-999219872,S3-777285032,S2-804364266,S3-50281059,S2-56354930,S2-498170125,S3-452650129,S2-526493060,S2-46119598,S3-231099763,S2-102506722,S3-310059196,S3-217039093,S2-501534718,S2-434748052,S3-329012794,S3-741815994
S1-969300060	S2-138331307,S2-459485143,S2-880373574,S3-521066083,S3-260946793,S3-790378506,S2-908079681,S3-904293301,S3-501171061,S3-775455620,S2-393902595,S3-73755756,S2-878037834,S3-866935454,S2-750817241,S2-400493855,S3-191777631,S3-961706443,S2-160823657,S3-41415156,S2-275882814,S3-572525205,S3-935965425,S3-1062100,S2-383030202,S2-412254468,S2-148614998,S2-503966344,S2-23519898,S3-549736271,S2-20798878,S3-777809192,S3-944195300,S2-965682240,S3-615509209,S2-409273301,S2-438565549,S3-349819283,S2-305637735,S2-170244057
S1-971996731	S2-538322067,S2-317480348,S2-934716922,S2-672392100,S3-927656784,S2-577711295,S3-267516505,S3-29698559,S3-415590169,S2-823489243,S3-326018425,S3-959298060,S2-274269958,S2-388543405,S3-282321912,S2-971378991,S3-24285581,S2-575142052,S2-534748436,S3-488363429,S2-537953677,S3-66509585,S3-184174096,S2-420681243,S2-118916909,S3-17568830,S2-126915805,S2-46119598,S3-52817413,S2-321067876,S3-895598264,S2-124355652,S2-22034959,S3-446409255,S2-298648749,S2-896768736,S3-970700897,S2-851305685,S3-288440193,S3-623750247
S1-973133967	S2-80295737,S3-695973055,S2-106341849,S2-240202044,S3-792430672,S2-589083365,S3-776500981,S2-636355308,S3-580736465,S2-648630388,S2-241220505,S3-46611218,S2-426549931,S3-265204232,S3-239848768,S2-199021860,S2-973152754,S3-84748082,S3-7528752,S2-199280788,S2-681236478,S3-312413952,S2-888262336,S2-187909971,S2-388192690,S3-78681427,S2-246629472,S3-668979909,S2-781720719,S2-416493275,S3-593556662,S3-298276174,S2-938316135,S2-198008021,S2-247144607,S3-234011238,S2-572629507,S2-206048699,S3-700236919,S2-783082192
S1-977549219	S3-507043143,S2-314240782,S3-484994752,S2-308862519,S3-170176936,S3-657235525,S3-913148143,S3-472074707,S3-832461160,S2-872599903,S3-219206801,S2-343566512,S2-11497933,S3-10070204,S2-574723490,S2-219660332,S3-265204232,S3-796280583,S2-516174026,S2-200306868,S3-255577798,S3-195976462,S3-312413952,S3-472293246,S3-540353197,S3-574534442,S2-77137709,S3-870588828,S3-299980143,S3-171876413,S2-85144335,S2-234992726,S2-240202044,S2-331483512,S3-691294985,S3-592033451,S2-416362828,S3-20479494,S2-2920056,S3-122077614
S1-979645754	S2-214939320,S3-116557348,S3-260946793,S2-202662079,S2-704180517,S2-600460285,S3-960326648,S3-977845400,S3-739484686,S2-801077041,S3-185580229,S3-915330451,S3-843493474,S3-773458342,S2-453562565,S2-813354914,S3-243201022,S2-36390503,S2-813179630,S2-734979295,S2-138331307,S3-219024394,S3-70943176,S2-979536106,S3-964553985,S3-783337925,S2-63117139,S3-282321912,S2-480897317,S3-945390736,S2-750801102,S3-231099763,S3-503430799,S2-46119598,S3-605289520,S3-934577839,S2-672191745,S2-54275281,S3-482698711,S2-169339199
S1-983603694	S2-538322067,S3-267516505,S3-927656784,S2-823489243,S3-326018425,S2-126915805,S2-317480348,S2-274269958,S2-672392100,S3-282321912,S2-388543405,S2-577711295,S3-488363429,S2-537953677,S3-184174096,S3-17568830,S2-313905133,S2-501534718,S3-312577481,S3-895598264,S3-962607637,S2-349043036,S2-830645124,S2-902499230,S2-514820746,S2-424998513,S3-970700897,S3-288440193,S2-851305685,S3-727410626,S3-884473350,S3-526611118,S2-923816782,S3-844042071,S2-48932828,S3-549298,S2-993370704,S2-154961257,S3-565320535,S2-525004536
S1-983819279	S2-750187901,S3-819591530,S3-193324646,S2-245878292,S2-187095631,S3-286512684,S2-271875776,S2-497654662,S3-695973055,S2-240202044,S3-238774081,S2-462933950,S3-857176159,S3-892319511,S2-975291397,S2-31694455,S3-604715797,S2-950950353,S3-514572990,S2-395778865,S2-895776476,S2-378846408,S2-585589926,S2-818031985,S2-877804843,S2-638096571,S2-714953620,S3-990277305,S2-836553957,S2-595265518,S3-976515721,S2-750470469,S2-752749962,S2-966023861,S3-450367692,S3-80840290
S1-986604838	S2-538322067,S3-267516505,S2-577711295,S2-672392100,S2-823489243,S3-326018425,S2-126915805,S2-317480348,S2-274269958,S2-388543405,S3-282321912,S3-927656784,S2-36390503,S3-488363429,S2-537953677,S3-184174096,S3-17568830,S2-46119598,S3-231099763,S3-891899299,S2-469081581,S2-102506722,S2-321067876,S2-652960468,S2-501534718,S3-622017603,S3-329012794,S2-434336539,S2-298648749,S2-858333878,S2-596441431,S2-442169767,S3-872013487,S2-853578683,S2-33467562,S2-686535448,S3-961421742,S3-970700897,S2-923816782,S3-549298
S1-98985291	S3-693984318,S3-521921590,S3-605289520,S3-217903829,S2-388594236,S2-313955120,S2-578484139,S3-112556658,S3-425007676,S3-50374457,S2-442251246,S2-412565852,S2-462183999,S3-210636387,S2-169339199,S3-813547907,S2-119647643,S2-70085549,S2-853058328,S2-608761794,S3-386500136,S2-6860805,S3-726772995,S3-312512383,S2-899542587,S3-231099763,S3-260946793,S2-600460285,S3-908148625,S3-895598264,S3-180537830,S3-532782484,S2-22034959,S2-563202302,S2-896768736,S3-967418953,S2-442169767,S3-872013487,S3-116557348,S2-867169728
S1-991838189	S3-320542108,S3-191777631,S2-647945622,S3-273272215,S2-21907891,S2-714315001,S3-867263634,S3-477828510,S3-660592001,S2-582539737,S3-92755938,S2-816523255,S3-55314584,S2-813179630,S3-28391425,S2-962455440,S2-770493466,S2-823495263,S2-977401479,S3-679747836,S2-729157829,S2-290238781,S2-647447093,S3-978862386,S3-660838032,S2-363645478,S2-637701459,S3-556228627,S3-743825885,S2-498170125,S2-975631805,S3-398254055,S2-595491693,S2-506155991,S2-580586919,S2-624492996,S3-41415156,S2-525391570,S2-284570733,S2-862578020
S1-991875825	S3-904293301,S3-78681427,S3-249624801,S2-147498899,S2-990903288,S3-445543631,S2-748040994,S3-68589400,S2-400190057,S3-760959067,S2-648630388,S2-395778865,S2-753125951,S2-393902595,S2-583840796,S2-424998513,S3-239848768,S3-938520257,S3-349679455,S2-372458033,S3-7528752,S3-714863745,S2-862000237,S2-543623385,S2-508597312,S2-706548751,S3-391823164,S2-845107728,S3-466523313,S3-504811762,S2-598312557,S3-99392192,S2-388192690,S3-615493175,S3-45364968,S2-462866226,S2-416362828,S2-781720719,S2-857504798,S3-543939305
S1-992285010	S3-106428443,S2-789698410,S2-328922214,S3-521066083,S3-221443476,S2-20595754,S2-339363122,S3-358432918,S2-651461416,S2-590554293,S2-388192690,S2-388543405,S2-240202044,S2-589083365,S3-279953500,S2-636355308,S3-543939305,S2-977110544,S2-938316135,S2-378846408,S3-695341943,S2-247144607,S3-339481146,S3-267547161,S2-219660332,S2-463756409,S3-213199104,S3-437591401,S2-714953620,S2-471800381,S2-708532933,S2-836553957,S2-750470469,S3-69683574,S2-205836707,S2-399869899,S2-917258438,S2-966023861,S2-220756381,S3-894084902
S1-99245709	S3-733735582,S3-940132125,S3-44892628,S2-730055337,S3-456593429,S2-630486694,S3-218566871,S3-527612989,S2-165898626,S3-2378515,S3-129081221,S3-422815078,S2-528929761,S3-521783865,S3-239848768,S2-543939410,S2-856802130,S2-534748436,S3-467435512,S3-540093376,S2-239070834,S3-365545709,S2-130168190,S2-750801102,S3-52817413,S2-89239695,S2-463366311,S3-895598264,S2-655787096,S2-936916016,S2-896768736,S3-172493361,S3-464507396,S3-736494730,S3-399738814,S3-333411132,S2-535612524,S2-524196193,S3-50374457,S3-48910651
S1-999165514	S2-984790670,S3-173398261,S2-142569598,S3-389257885,S3-246690251,S2-450038746,S2-730294781,S2-741561142,S3-724869974,S2-526493060,S3-503430799,S2-46119598,S2-973495524,S3-331435880,S2-507168266,S3-934577839,S2-562037907,S2-334939365,S3-55946551,S3-810888025,S3-622017603,S3-532782484,S3-510277949,S2-960258531,S2-596441431,S3-976674051,S3-872013487,S2-897338634,S3-623750247,S2-341862186,S3-821439308,S2-268807777,S2-443595944,S2-85084966,S3-913818358,S3-177336223,S3-511364793,S3-697734900,S2-578898262
